query_id,hit_id,seq_length,percent_ident,taxonomy_query,taxonomy_hit,consensus_genus,species
ffc36e27c82042664a16bcd4d380b286,KY780350.1.1207,427,100,Bacteria;Proteobacteria;Gammaproteobacteria;Enterobacterales;Enterobacteriaceae;Escherichia/Shigella;,Bacteria;Proteobacteria;Gammaproteobacteria;Enterobacterales;Enterobacteriaceae;Escherichia-Shigella;Escherichia coli,NA,Escherichia coli
19a5cde0d8194c833b06f8a1f43df4bb,MF765331.1.1250,427,100,Bacteria;Proteobacteria;Gammaproteobacteria;Pseudomonadales;Pseudomonadaceae;Pseudomonas;,Bacteria;Proteobacteria;Gammaproteobacteria;Pseudomonadales;Pseudomonadaceae;Pseudomonas;Pseudomonas rhodesiae,Pseudomonas,Pseudomonas rhodesiae
62d83e6469a666a9da44b4a20a02576d,AB305067.1.1351,404,100,Bacteria;Cyanobacteria;Cyanobacteriia;Cyanobacteriales;Microcystaceae;Microcystis_PCC-7914;,Bacteria;Cyanobacteria;Cyanobacteriia;Cyanobacteriales;Microcystaceae;Microcystis PCC-7914;Microcystis aeruginosa,NA,Microcystis aeruginosa
ffe1e63147af5c2cd21231f1d5d59488,EU557337.1.1436,427,100,Bacteria;Proteobacteria;Gammaproteobacteria;Pseudomonadales;Pseudomonadaceae;Pseudomonas;,Bacteria;Proteobacteria;Gammaproteobacteria;Pseudomonadales;Pseudomonadaceae;Pseudomonas;Pseudomonas yamanorum,Pseudomonas,Pseudomonas yamanorum
aba8c17e313c37c938998554292445ba,CP033019.5835216.5836755,427,100,Bacteria;Proteobacteria;Gammaproteobacteria;Burkholderiales;Oxalobacteraceae;Janthinobacterium;,Bacteria;Proteobacteria;Gammaproteobacteria;Burkholderiales;Oxalobacteraceae;Massilia;Janthinobacterium agaricidamnosum,NA,Janthinobacterium agaricidamnosum
5e37bc937e93932df2fc004907a946d5,HG764746.1.1419,427,100,Bacteria;Proteobacteria;Gammaproteobacteria;Pseudomonadales;Pseudomonadaceae;Pseudomonas;,Bacteria;Proteobacteria;Gammaproteobacteria;Pseudomonadales;Pseudomonadaceae;Pseudomonas;Pseudomonas granadensis,Pseudomonas,Pseudomonas granadensis
e01ccd749960b04699eef783119e25ae,KP214628.12.1278,427,100,Bacteria;Proteobacteria;Gammaproteobacteria;Pseudomonadales;Pseudomonadaceae;Pseudomonas;,Bacteria;Proteobacteria;Gammaproteobacteria;Pseudomonadales;Pseudomonadaceae;Pseudomonas;Pseudomonas libanensis,Pseudomonas,Pseudomonas libanensis
81b50cbc69b355d6a2207d370e9634c5,KY231156.1.1351,427,100,Bacteria;Proteobacteria;Gammaproteobacteria;Pseudomonadales;Pseudomonadaceae;Pseudomonas;,Bacteria;Proteobacteria;Gammaproteobacteria;Pseudomonadales;Pseudomonadaceae;Pseudomonas;Pseudomonas fluorescens,Pseudomonas,Pseudomonas fluorescens
c8c27991fc4b9dbaf393e756a8480704,AJ506115.1.1473,402,100,Bacteria;Firmicutes;Clostridia;Clostridiales;Clostridiaceae;Clostridium_sensu_stricto_13;,Bacteria;Firmicutes;Clostridia;Clostridiales;Clostridiaceae;Clostridium sensu stricto 13;Clostridium estertheticum subsp. laramiense,NA,Clostridium estertheticum subsp. laramiense
7b361820964e8c6ced5aec81f54bcfea,DQ981457.1.1418,427,100,Bacteria;Proteobacteria;Gammaproteobacteria;Pseudomonadales;Pseudomonadaceae;Pseudomonas;,Bacteria;Proteobacteria;Gammaproteobacteria;Pseudomonadales;Pseudomonadaceae;Pseudomonas;Pseudomonas fluorescens,Pseudomonas,Pseudomonas fluorescens
987b07b51f215294b9ba396fc0da2eab,MH196461.1.1423,402,100,Bacteria;Firmicutes;Clostridia;Clostridiales;Clostridiaceae;Clostridium_sensu_stricto_1;,Bacteria;Firmicutes;Clostridia;Clostridiales;Clostridiaceae;Clostridium sensu stricto 1;Clostridium puniceum,NA,Clostridium puniceum
adcbbca64d2d78a77b378db487717e38,KY963439.1.1266,427,100,Bacteria;Proteobacteria;Gammaproteobacteria;Aeromonadales;Aeromonadaceae;Aeromonas;,Bacteria;Proteobacteria;Gammaproteobacteria;Enterobacterales;Aeromonadaceae;Aeromonas;Aeromonas salmonicida,Aeromonas,Aeromonas salmonicida
9db2817f5c42be6a7bcbca662959982d,U87759.1.1401,402,100,Bacteria;Proteobacteria;Alphaproteobacteria;Rhizobiales;Xanthobacteraceae;Bradyrhizobium;,Bacteria;Proteobacteria;Alphaproteobacteria;Rhizobiales;Xanthobacteraceae;Afipia;Afipia broomeae,NA,Afipia broomeae
9f244ef658394443133c774ea0453cb6,AB035549.1.1457,404,100,Bacteria;Cyanobacteria;Cyanobacteriia;Cyanobacteriales;Microcystaceae;Microcystis_PCC-7914;,Bacteria;Cyanobacteria;Cyanobacteriia;Cyanobacteriales;Microcystaceae;Microcystis PCC-7914;Microcystis aeruginosa,NA,Microcystis aeruginosa
50b5c8dd233219a563488f774ef181ef,CP003703.50806.52313,425,100,Bacteria;Firmicutes;Bacilli;Mycoplasmatales;Mycoplasmataceae;Mycoplasma;,Bacteria;Firmicutes;Bacilli;Mycoplasmatales;Mycoplasmataceae;Mycoplasma;Mycoplasma wenyonii str. Massachusetts,Mycoplasma,Mycoplasma wenyonii str. Massachusetts
af190b852cec0d6eb78c15eb0e8777e0,EU434450.1.1402,427,100,Bacteria;Proteobacteria;Gammaproteobacteria;Pseudomonadales;Pseudomonadaceae;Pseudomonas;,Bacteria;Proteobacteria;Gammaproteobacteria;Pseudomonadales;Pseudomonadaceae;Pseudomonas;Pseudomonas fluorescens,Pseudomonas,Pseudomonas fluorescens
dd8c8d60bfca3e1df01a4bbff8d3326e,GQ161989.1.1481,402,100,Bacteria;Proteobacteria;Alphaproteobacteria;Sphingomonadales;Sphingomonadaceae;Sphingomonas;,Bacteria;Proteobacteria;Alphaproteobacteria;Sphingomonadales;Sphingomonadaceae;Sphingomonas;Sphingomonas alpina,Sphingomonas,Sphingomonas alpina
619aaddca1bc37375a7dc661cf75f626,AF468453.1.1455,427,100,Bacteria;Proteobacteria;Gammaproteobacteria;Pseudomonadales;Pseudomonadaceae;Pseudomonas;,Bacteria;Proteobacteria;Gammaproteobacteria;Pseudomonadales;Pseudomonadaceae;Pseudomonas;Pseudomonas umsongensis,Pseudomonas,Pseudomonas umsongensis
a3a355da4d3be86c1a87a0abdcdf3ffc,AB680167.1.1433,427,100,Bacteria;Proteobacteria;Gammaproteobacteria;Alteromonadales;Shewanellaceae;Shewanella;,Bacteria;Proteobacteria;Gammaproteobacteria;Enterobacterales;Shewanellaceae;Shewanella;Shewanella putrefaciens,Shewanella,Shewanella putrefaciens
1015386d123f77311c8143526806af2c,KF424298.1.1440,427,100,Bacteria;Proteobacteria;Gammaproteobacteria;Pseudomonadales;Pseudomonadaceae;Pseudomonas;,Bacteria;Proteobacteria;Gammaproteobacteria;Pseudomonadales;Pseudomonadaceae;Pseudomonas;Pseudomonas umsongensis,Pseudomonas,Pseudomonas umsongensis
dbc7407c0c194353c292d8aa95922b3a,MG581287.1.1463,428,100,NA,Bacteria;Proteobacteria;Gammaproteobacteria;Pseudomonadales;Moraxellaceae;Acinetobacter;Acinetobacter johnsonii,NA,Acinetobacter johnsonii
b806e0462569e4b3467b396640400484,EF363714.1.1447,402,100,Bacteria;Proteobacteria;Alphaproteobacteria;Sphingomonadales;Sphingomonadaceae;Sphingomonas;,Bacteria;Proteobacteria;Alphaproteobacteria;Sphingomonadales;Sphingomonadaceae;Sphingomonas;Sphingomonas insulae,Sphingomonas,Sphingomonas insulae
f4ee137efcca412c21eb0a5a21e877ce,AM902750.1.1380,407,100,Bacteria;Actinobacteriota;Actinobacteria;Corynebacteriales;Mycobacteriaceae;Mycobacterium;,Bacteria;Actinobacteriota;Actinobacteria;Corynebacteriales;Mycobacteriaceae;Mycobacterium;Mycobacterium mucogenicum,Mycobacterium,Mycobacterium mucogenicum
679658942f667409a7b9907845816380,AB472942.1.1414,427,100,Bacteria;Proteobacteria;Gammaproteobacteria;Aeromonadales;Aeromonadaceae;Aeromonas;,Bacteria;Proteobacteria;Gammaproteobacteria;Enterobacterales;Aeromonadaceae;Aeromonas;Aeromonas sobria,Aeromonas,Aeromonas sobria
05cd250b776274d5471a4c6c5666a2e6,KY940342.1.1443,427,100,Bacteria;Proteobacteria;Gammaproteobacteria;Pseudomonadales;Pseudomonadaceae;Pseudomonas;,Bacteria;Proteobacteria;Gammaproteobacteria;Pseudomonadales;Pseudomonadaceae;Pseudomonas;Pseudomonas fluorescens,Pseudomonas,Pseudomonas fluorescens
b7ed1f3d13eba1ab1d14d5554deb832e,GQ153953.1.1498,427,100,Bacteria;Proteobacteria;Gammaproteobacteria;Burkholderiales;Comamonadaceae;Rhodoferax;,Bacteria;Proteobacteria;Gammaproteobacteria;Burkholderiales;Comamonadaceae;uncultured;uncultured Burkholderiales bacterium,NA,uncultured Burkholderiales bacterium
d23c2c7c5e43a787cae60ce5d18a5d2a,HM190225.1.1442,427,100,Bacteria;Proteobacteria;Gammaproteobacteria;Pseudomonadales;Pseudomonadaceae;Pseudomonas;,Bacteria;Proteobacteria;Gammaproteobacteria;Pseudomonadales;Pseudomonadaceae;Pseudomonas;Pseudomonas marginalis pv. marginalis,Pseudomonas,Pseudomonas marginalis pv. marginalis
f37ff1c53a3044e23de94fa2841d200e,FJ517684.1.1498,427,100,Bacteria;Proteobacteria;Gammaproteobacteria;Burkholderiales;Comamonadaceae;Rhodoferax;,Bacteria;Proteobacteria;Gammaproteobacteria;Burkholderiales;Comamonadaceae;Rhodoferax;uncultured Burkholderiales bacterium,Rhodoferax,uncultured Burkholderiales bacterium
879815b1626853f4af4a4f0e85703fd2,AJ308307.1.1371,427,100,Bacteria;Proteobacteria;Gammaproteobacteria;Pseudomonadales;Pseudomonadaceae;Pseudomonas;,Bacteria;Proteobacteria;Gammaproteobacteria;Pseudomonadales;Pseudomonadaceae;Pseudomonas;Pseudomonas fluorescens,Pseudomonas,Pseudomonas fluorescens
dcef3b2f303351448d67d78b0f728312,HQ598347.1.1456,402,100,Bacteria;Acidobacteriota;Acidobacteriae;Acidobacteriales;Koribacteraceae;Candidatus_Koribacter;,Bacteria;Acidobacteriota;Acidobacteriae;Acidobacteriales;Koribacteraceae;Candidatus Koribacter;uncultured Acidobacteria bacterium,NA,uncultured Acidobacteria bacterium
deb100f8dd320dd1bd39e162efffae9a,FJ426279.1.1417,427,100,Bacteria;Proteobacteria;Gammaproteobacteria;Pseudomonadales;Pseudomonadaceae;Pseudomonas;,Bacteria;Proteobacteria;Gammaproteobacteria;Pseudomonadales;Pseudomonadaceae;Pseudomonas;Pseudomonas fluorescens,Pseudomonas,Pseudomonas fluorescens
ede58f307d3ec5c39ad03487b4037b36,EF154274.1.1410,427,100,Bacteria;Proteobacteria;Gammaproteobacteria;Pseudomonadales;Pseudomonadaceae;Pseudomonas;,Bacteria;Proteobacteria;Gammaproteobacteria;Pseudomonadales;Pseudomonadaceae;Pseudomonas;Pseudomonas tolaasii,Pseudomonas,Pseudomonas tolaasii
db424461aa669374102fa17ac4539038,AJ458414.1.1354,427,100,Bacteria;Proteobacteria;Gammaproteobacteria;Aeromonadales;Aeromonadaceae;Aeromonas;,Bacteria;Proteobacteria;Gammaproteobacteria;Enterobacterales;Aeromonadaceae;Aeromonas;Aeromonas encheleia,Aeromonas,Aeromonas encheleia
f4ddba285154bdd47f4dc510c2038305,FJ494889.1.1278,427,100,Bacteria;Proteobacteria;Gammaproteobacteria;Aeromonadales;Aeromonadaceae;Aeromonas;,Bacteria;Proteobacteria;Gammaproteobacteria;Enterobacterales;Aeromonadaceae;Aeromonas;Aeromonas veronii,Aeromonas,Aeromonas veronii
53edd5f591ea14333cbaf052eae71373,MG576161.1.1448,427,100,Bacteria;Proteobacteria;Gammaproteobacteria;Pseudomonadales;Pseudomonadaceae;Pseudomonas;,Bacteria;Proteobacteria;Gammaproteobacteria;Pseudomonadales;Pseudomonadaceae;Pseudomonas;Pseudomonas migulae,Pseudomonas,Pseudomonas migulae
8144e3f5463bf440bdbdd71684a7b0b2,KJ726561.1.1398,427,100,Bacteria;Proteobacteria;Gammaproteobacteria;Pseudomonadales;Pseudomonadaceae;Pseudomonas;,Bacteria;Proteobacteria;Gammaproteobacteria;Pseudomonadales;Pseudomonadaceae;Pseudomonas;Pseudomonas fluorescens,Pseudomonas,Pseudomonas fluorescens
7e5e0f31bea6881e5fc4e59768e8d752,KF279042.1.1433,427,100,Bacteria;Proteobacteria;Gammaproteobacteria;Pseudomonadales;Pseudomonadaceae;Pseudomonas;,Bacteria;Proteobacteria;Gammaproteobacteria;Pseudomonadales;Pseudomonadaceae;Pseudomonas;Pseudomonas fluorescens,Pseudomonas,Pseudomonas fluorescens
ffeb4dce4d9a48fdd4aa0e38c12ef52b,KF857261.1.1512,427,100,Bacteria;Proteobacteria;Gammaproteobacteria;Pseudomonadales;Pseudomonadaceae;Pseudomonas;,Bacteria;Proteobacteria;Gammaproteobacteria;Pseudomonadales;Pseudomonadaceae;Pseudomonas;Pseudomonas migulae,Pseudomonas,Pseudomonas migulae
8cb24777cb48dde0aac60dfeca125d10,AB686281.1.1201,428,100,Bacteria;Firmicutes;Bacilli;Bacillales;Bacillaceae;Bacillus;,Bacteria;Firmicutes;Bacilli;Bacillales;Bacillaceae;Bacillus;Bacillus thuringiensis,Bacillus,Bacillus thuringiensis
a84f42c3cbe7d0f1da8107579d1c1045,KF026304.1.1492,427,100,Bacteria;Proteobacteria;Gammaproteobacteria;Burkholderiales;Comamonadaceae;Rhodoferax;,Bacteria;Proteobacteria;Gammaproteobacteria;Burkholderiales;Comamonadaceae;Candidatus Symbiobacter;uncultured bacterium,NA,uncultured bacterium
9bc26c019d3f0ff8105f172c10b79767,HQ158728.1.1499,427,100,Bacteria;Proteobacteria;Gammaproteobacteria;Burkholderiales;Rhodocyclaceae;Candidatus_Accumulibacter;,Bacteria;Proteobacteria;Gammaproteobacteria;Burkholderiales;Rhodocyclaceae;Candidatus Accumulibacter;uncultured bacterium,NA,uncultured bacterium
1c3011b89588d77b06edf79336340b48,AY928479.1.1377,427,100,Bacteria;Proteobacteria;Gammaproteobacteria;Aeromonadales;Aeromonadaceae;Aeromonas;,Bacteria;Proteobacteria;Gammaproteobacteria;Enterobacterales;Aeromonadaceae;Aeromonas;Aeromonas veronii bv. sobria,Aeromonas,Aeromonas veronii bv. sobria
df701982c0328d89ff9ea33512a9c967,FJ950594.1.1443,427,100,Bacteria;Proteobacteria;Gammaproteobacteria;Pseudomonadales;Pseudomonadaceae;Pseudomonas;,Bacteria;Proteobacteria;Gammaproteobacteria;Pseudomonadales;Pseudomonadaceae;Pseudomonas;Pseudomonas putida,Pseudomonas,Pseudomonas putida
6c7a73ea69f6a4be19adb4ebe9cbaa5b,KJ726554.1.1403,427,100,Bacteria;Proteobacteria;Gammaproteobacteria;Enterobacterales;Yersiniaceae;Serratia;,Bacteria;Proteobacteria;Gammaproteobacteria;Enterobacterales;Yersiniaceae;Serratia;Serratia fonticola,Serratia,Serratia fonticola
c3d4cde1fefab50869535171600db4ac,AJ439346.1.1505,409,100,NA,Bacteria;Actinobacteriota;Actinobacteria;Corynebacteriales;Corynebacteriaceae;Corynebacterium;Corynebacterium accolens,NA,Corynebacterium accolens
369906d432efb2e771efcab20af116bc,X71857.1.1491,402,100,Bacteria;Firmicutes;Clostridia;Clostridiales;Clostridiaceae;Clostridium_sensu_stricto_1;,Bacteria;Firmicutes;Clostridia;Clostridiales;Clostridiaceae;Clostridium sensu stricto 1;Clostridium puniceum,NA,Clostridium puniceum
5efc3d127df29a6f2e976cae828e203b,KC122692.1.1407,427,100,Bacteria;Proteobacteria;Gammaproteobacteria;Pseudomonadales;Pseudomonadaceae;Pseudomonas;,Bacteria;Proteobacteria;Gammaproteobacteria;Pseudomonadales;Pseudomonadaceae;Pseudomonas;Pseudomonas fluorescens,Pseudomonas,Pseudomonas fluorescens
fb75db497305500e48fd32ae5d144b12,X81623.19.1522,427,100,Bacteria;Proteobacteria;Gammaproteobacteria;Alteromonadales;Shewanellaceae;Shewanella;,Bacteria;Proteobacteria;Gammaproteobacteria;Enterobacterales;Shewanellaceae;Shewanella;Shewanella putrefaciens,Shewanella,Shewanella putrefaciens
be5f7561425c2fdf15e1347047e3a7ba,LN866624.1.1252,427,100,Bacteria;Proteobacteria;Gammaproteobacteria;Pseudomonadales;Pseudomonadaceae;Pseudomonas;,Bacteria;Proteobacteria;Gammaproteobacteria;Pseudomonadales;Pseudomonadaceae;Pseudomonas;Pseudomonas fluorescens,Pseudomonas,Pseudomonas fluorescens
e31f1e7e52443d46f42759e43d6f5e90,EU434578.1.1465,427,100,Bacteria;Proteobacteria;Gammaproteobacteria;Pseudomonadales;Pseudomonadaceae;Pseudomonas;,Bacteria;Proteobacteria;Gammaproteobacteria;Pseudomonadales;Pseudomonadaceae;Pseudomonas;Pseudomonas fluorescens,Pseudomonas,Pseudomonas fluorescens
5fad0a36af681b0a35076712bc87eb94,MH304329.1.1485,427,100,Bacteria;Proteobacteria;Gammaproteobacteria;Alteromonadales;Shewanellaceae;Shewanella;,Bacteria;Proteobacteria;Gammaproteobacteria;Enterobacterales;Shewanellaceae;Shewanella;Shewanella putrefaciens,Shewanella,Shewanella putrefaciens
b4d65de25486bdff0f58d4023b0a595e,FMJJ01000012.131284.134557,409,100,Bacteria;Patescibacteria;Parcubacteria;NA;NA;NA;,Bacteria;Firmicutes;Bacilli;Bacillales;Bacillaceae;Bacillus;Bacillus cereus,NA,Bacillus cereus
1bc8c1807a800c2c8220ca1a13e4fdb9,AJ786780.1.1490,427,100,Bacteria;Proteobacteria;Gammaproteobacteria;Pseudomonadales;Pseudomonadaceae;Pseudomonas;,Bacteria;Proteobacteria;Gammaproteobacteria;Pseudomonadales;Pseudomonadaceae;Pseudomonas;Pseudomonas migulae,Pseudomonas,Pseudomonas migulae
266c910f0fe16744bde8c708432328bc,DQ829649.1.1465,402,100,Bacteria;Acidobacteriota;Acidobacteriae;Acidobacteriales;Koribacteraceae;Candidatus_Koribacter;,Bacteria;Acidobacteriota;Acidobacteriae;Acidobacteriales;Koribacteraceae;Candidatus Koribacter;uncultured Acidobacteria bacterium,NA,uncultured Acidobacteria bacterium
fb830a0029ddc33879db95290710436e,MH620730.1.1422,427,100,Bacteria;Proteobacteria;Gammaproteobacteria;Pseudomonadales;Pseudomonadaceae;Pseudomonas;,Bacteria;Proteobacteria;Gammaproteobacteria;Pseudomonadales;Pseudomonadaceae;Pseudomonas;Pseudomonas migulae,Pseudomonas,Pseudomonas migulae
cb3a451b5f9718c07b491a77b14ef21f,KC202262.1.1453,427,100,Bacteria;Proteobacteria;Gammaproteobacteria;Aeromonadales;Aeromonadaceae;Aeromonas;,Bacteria;Proteobacteria;Gammaproteobacteria;Enterobacterales;Aeromonadaceae;Aeromonas;Aeromonas caviae,Aeromonas,Aeromonas caviae
70ee9b6473de067755aa7c2ab6e5a65b,MH304323.1.1449,427,100,Bacteria;Proteobacteria;Gammaproteobacteria;Alteromonadales;Shewanellaceae;Shewanella;,Bacteria;Proteobacteria;Gammaproteobacteria;Enterobacterales;Shewanellaceae;Shewanella;Shewanella putrefaciens,Shewanella,Shewanella putrefaciens
80928ccf4b792eb46c00a788e285e301,FMJJ01000012.131284.134557,417,100,Bacteria;Patescibacteria;Parcubacteria;Paceibacterales;Paceibacteraceae;Candidatus_Paceibacter;,Bacteria;Firmicutes;Bacilli;Bacillales;Bacillaceae;Bacillus;Bacillus cereus,NA,Bacillus cereus
a0e18b10dcc89ad8f1103ce0780e57f9,LC213257.1.1489,427,100,Bacteria;Proteobacteria;Gammaproteobacteria;Burkholderiales;Comamonadaceae;Rhizobacter;,Bacteria;Proteobacteria;Gammaproteobacteria;Burkholderiales;Comamonadaceae;Rhizobacter;uncultured Burkholderiales bacterium,Rhizobacter,uncultured Burkholderiales bacterium
bc4e3995ef291067acb3295ec94e26f1,FR775967.1.1464,427,100,Bacteria;Proteobacteria;Gammaproteobacteria;Aeromonadales;Aeromonadaceae;Aeromonas;,Bacteria;Proteobacteria;Gammaproteobacteria;Enterobacterales;Aeromonadaceae;Aeromonas;Aeromonas rivipollensis,Aeromonas,Aeromonas rivipollensis
5f8bc9840120e2fcddfb562429e6f0eb,AB819381.1.1233,427,100,Bacteria;Proteobacteria;Gammaproteobacteria;Pseudomonadales;Pseudomonadaceae;Pseudomonas;,Bacteria;Proteobacteria;Gammaproteobacteria;Pseudomonadales;Pseudomonadaceae;Pseudomonas;Pseudomonas fluorescens,Pseudomonas,Pseudomonas fluorescens
1b0e995ad4f329fdd2b19fc1bd362eaa,MH620735.1.1421,427,100,Bacteria;Proteobacteria;Gammaproteobacteria;Pseudomonadales;Pseudomonadaceae;Pseudomonas;,Bacteria;Proteobacteria;Gammaproteobacteria;Pseudomonadales;Pseudomonadaceae;Pseudomonas;Pseudomonas fluorescens,Pseudomonas,Pseudomonas fluorescens
682262f013e7bd0ff0ba0df91a47ce65,AY457074.1.1482,407,100,Bacteria;Actinobacteriota;Actinobacteria;Corynebacteriales;Mycobacteriaceae;Mycobacterium;,Bacteria;Actinobacteriota;Actinobacteria;Corynebacteriales;Mycobacteriaceae;Mycobacterium;Mycobacterium mucogenicum,Mycobacterium,Mycobacterium mucogenicum
3bca2f062f71f0233c2ef027d85b1a00,AJ000213.14.1464,427,100,Bacteria;Proteobacteria;Gammaproteobacteria;Alteromonadales;Shewanellaceae;Shewanella;,Bacteria;Proteobacteria;Gammaproteobacteria;Enterobacterales;Shewanellaceae;Shewanella;Shewanella putrefaciens,Shewanella,Shewanella putrefaciens
dacf22eb1a2065568c1175d1a76c9dc7,CP006579.4102310.4103842,427,100,Bacteria;Proteobacteria;Gammaproteobacteria;Aeromonadales;Aeromonadaceae;Aeromonas;,Bacteria;Proteobacteria;Gammaproteobacteria;Enterobacterales;Aeromonadaceae;Aeromonas;Aeromonas hydrophila 4AK4,Aeromonas,Aeromonas hydrophila 4AK4
ac128988ee079ff7008a9024ac49f497,HQ202834.1.1445,427,100,Bacteria;Proteobacteria;Gammaproteobacteria;Pseudomonadales;Pseudomonadaceae;Pseudomonas;,Bacteria;Proteobacteria;Gammaproteobacteria;Pseudomonadales;Pseudomonadaceae;Pseudomonas;Pseudomonas mandelii,Pseudomonas,Pseudomonas mandelii
0bb967f0ee956c20acc1366b4bdca233,CP000699.2812335.2813814,402,100,Bacteria;Proteobacteria;Alphaproteobacteria;Sphingomonadales;Sphingomonadaceae;NA;,Bacteria;Proteobacteria;Alphaproteobacteria;Sphingomonadales;Sphingomonadaceae;Sphingomonas;Sphingomonas wittichii RW1,NA,Sphingomonas wittichii RW1
041edb8f3db47839f2507894627e2b93,EU133464.1.1318,402,100,Bacteria;Proteobacteria;Alphaproteobacteria;Paracaedibacterales;Paracaedibacteraceae;Candidatus_Paracaedibacter;,Bacteria;Proteobacteria;Alphaproteobacteria;Paracaedibacterales;Paracaedibacteraceae;Candidatus Paracaedibacter;uncultured bacterium,NA,uncultured bacterium
610172476dff2891fc4eb633cd51ea73,FMJJ01000012.131284.134557,430,100,Archaea;NA;NA;NA;NA;NA;,Bacteria;Firmicutes;Bacilli;Bacillales;Bacillaceae;Bacillus;Bacillus cereus,NA,Bacillus cereus
6527cb3f2330f621de6e69cddd729db1,FMJJ01000012.131284.134557,405,100,Bacteria;Proteobacteria;NA;NA;NA;NA;,Bacteria;Firmicutes;Bacilli;Bacillales;Bacillaceae;Bacillus;Bacillus cereus,NA,Bacillus cereus
82211eada7d23319931539f875290d1f,FMJJ01000012.131284.134557,409,100,NA,Bacteria;Firmicutes;Bacilli;Bacillales;Bacillaceae;Bacillus;Bacillus cereus,NA,Bacillus cereus
92c38eb66212abb8a2f3f3aaf458efd9,FMJJ01000012.131284.134557,430,100,Archaea;NA;NA;NA;NA;NA;,Bacteria;Firmicutes;Bacilli;Bacillales;Bacillaceae;Bacillus;Bacillus cereus,NA,Bacillus cereus
e3b9ce077e6bb375bbca1c0cc6a0bbc8,FMJJ01000012.131284.134557,403,100,Bacteria;NA;NA;NA;NA;NA;,Bacteria;Firmicutes;Bacilli;Bacillales;Bacillaceae;Bacillus;Bacillus cereus,NA,Bacillus cereus
2c65120f968b3931a3801a108b5496ee,GU127783.1.1428,402,100,Bacteria;Acidobacteriota;Acidobacteriae;Acidobacteriales;Koribacteraceae;Candidatus_Koribacter;,Bacteria;Acidobacteriota;Acidobacteriae;Acidobacteriales;Koribacteraceae;Candidatus Koribacter;uncultured bacterium,NA,uncultured bacterium
62611dedc42201591d0c89973f903dde,MH447042.1.1230,427,100,Bacteria;Firmicutes;Bacilli;Staphylococcales;Staphylococcaceae;Staphylococcus;,Bacteria;Firmicutes;Bacilli;Staphylococcales;Staphylococcaceae;Staphylococcus;Staphylococcus hominis,Staphylococcus,Staphylococcus hominis
a1443fda49e8f2995114a73825159449,FMJJ01000012.131284.134557,417,100,Bacteria;Patescibacteria;Parcubacteria;Paceibacterales;Paceibacteraceae;Candidatus_Paceibacter;,Bacteria;Firmicutes;Bacilli;Bacillales;Bacillaceae;Bacillus;Bacillus cereus,NA,Bacillus cereus
8bdf99899726dfa46f63bc6265d9ee24,FMJJ01000012.131284.134557,410,100,Bacteria;Patescibacteria;Parcubacteria;NA;NA;NA;,Bacteria;Firmicutes;Bacilli;Bacillales;Bacillaceae;Bacillus;Bacillus cereus,NA,Bacillus cereus
df8d1503fb30e26b11c5b7711b81610e,FMJJ01000012.131284.134557,422,100,Archaea;NA;NA;NA;NA;NA;,Bacteria;Firmicutes;Bacilli;Bacillales;Bacillaceae;Bacillus;Bacillus cereus,NA,Bacillus cereus
cd255a3084fbae84c1f263081010f3bf,FMJJ01000012.131284.134557,411,100,Bacteria;Patescibacteria;Parcubacteria;NA;NA;NA;,Bacteria;Firmicutes;Bacilli;Bacillales;Bacillaceae;Bacillus;Bacillus cereus,NA,Bacillus cereus
32ab9e09482ea2bf74a82ef3f1189a58,FMJJ01000012.131284.134557,405,100,Bacteria;Patescibacteria;Parcubacteria;NA;NA;NA;,Bacteria;Firmicutes;Bacilli;Bacillales;Bacillaceae;Bacillus;Bacillus cereus,NA,Bacillus cereus
85095fbb436534170be22a236b03a757,FMJJ01000012.131284.134557,404,100,Bacteria;Patescibacteria;Parcubacteria;NA;NA;NA;,Bacteria;Firmicutes;Bacilli;Bacillales;Bacillaceae;Bacillus;Bacillus cereus,NA,Bacillus cereus
101637aba474a6614786486ad42acb11,EU156760.1.1269,427,100,Bacteria;Firmicutes;Bacilli;Lactobacillales;Streptococcaceae;Streptococcus;,Bacteria;Firmicutes;Bacilli;Lactobacillales;Streptococcaceae;Streptococcus;Streptococcus mitis,Streptococcus,Streptococcus mitis
7d1056cdb2c52aaeebcc69fae394fce9,KF010312.1.1299,427,100,Bacteria;Proteobacteria;Gammaproteobacteria;Pseudomonadales;Pseudomonadaceae;Pseudomonas;,Bacteria;Proteobacteria;Gammaproteobacteria;Pseudomonadales;Pseudomonadaceae;Pseudomonas;Pseudomonas putida,Pseudomonas,Pseudomonas putida
af3df48be6b136633d2df108621b2f3f,EF516853.1.1255,402,100,Bacteria;Acidobacteriota;Acidobacteriae;Acidobacteriales;Koribacteraceae;Candidatus_Koribacter;,Bacteria;Acidobacteriota;Acidobacteriae;Acidobacteriales;Koribacteraceae;Candidatus Koribacter;uncultured bacterium,NA,uncultured bacterium
3678d26eb8e3fd26e603acd051347085,AF542227.1.1409,401,100,NA,Bacteria;Firmicutes;Clostridia;Peptostreptococcales-Tissierellales;Family XI;Finegoldia;Finegoldia magna,NA,Finegoldia magna
2968ff3ab99108f1ca23902b37c478fb,GU127748.1.1428,402,100,Bacteria;Acidobacteriota;Acidobacteriae;Acidobacteriales;Koribacteraceae;Candidatus_Koribacter;,Bacteria;Acidobacteriota;Acidobacteriae;Acidobacteriales;Koribacteraceae;Candidatus Koribacter;uncultured bacterium,NA,uncultured bacterium
509cdd57e29b93e5d8fb75fc8b59278f,FJ532466.1.1450,421,100,Bacteria;Actinobacteriota;Actinobacteria;Streptosporangiales;Nocardiopsaceae;Nocardiopsis;,Bacteria;Actinobacteriota;Actinobacteria;Streptosporangiales;Nocardiopsaceae;Nocardiopsis;Nocardiopsis dassonvillei,Nocardiopsis,Nocardiopsis dassonvillei
69d4d654db67d027bd1512bc4ca830e8,JN175337.1.1529,427,100,Bacteria;Proteobacteria;Gammaproteobacteria;Enterobacterales;NA;NA;,Bacteria;Proteobacteria;Gammaproteobacteria;Enterobacterales;Erwiniaceae;Erwinia;Erwinia billingiae,NA,Erwinia billingiae
051f989462ae026b6e418420e3b3b206,CP008743.1638356.1639848,402,100,Bacteria;Proteobacteria;Alphaproteobacteria;Caedibacterales;Caedibacteraceae;Candidatus_Nucleicultrix;,Bacteria;Proteobacteria;Alphaproteobacteria;Caedibacterales;Caedibacteraceae;Candidatus Nucleicultrix;Candidatus Nucleicultrix amoebiphila FS5,NA,Candidatus Nucleicultrix amoebiphila FS5
07c3160551922faa7be5740ea3adc189,KJ848549.1.1431,427,100,Bacteria;Proteobacteria;Gammaproteobacteria;Burkholderiales;Burkholderiaceae;Ralstonia;,Bacteria;Proteobacteria;Gammaproteobacteria;Burkholderiales;Burkholderiaceae;Ralstonia;Ralstonia insidiosa,Ralstonia,Ralstonia insidiosa
5497318e515a8c328a68f95975d9c7d4,KC814651.1.1234,427,100,NA,Bacteria;Firmicutes;Bacilli;Staphylococcales;Staphylococcaceae;Staphylococcus;Staphylococcus epidermidis,NA,Staphylococcus epidermidis
0aa6767415c3c1d08d147c80b16ec596,KF817783.1.1398,428,100,Bacteria;Proteobacteria;Gammaproteobacteria;Pseudomonadales;Moraxellaceae;Acinetobacter;,Bacteria;Proteobacteria;Gammaproteobacteria;Pseudomonadales;Moraxellaceae;Acinetobacter;Acinetobacter lwoffii,Acinetobacter,Acinetobacter lwoffii
960ca581bbfee6900de30113df17a5c8,FJ976589.1.1391,427,100,Bacteria;Proteobacteria;Gammaproteobacteria;Pseudomonadales;Pseudomonadaceae;Pseudomonas;,Bacteria;Proteobacteria;Gammaproteobacteria;Pseudomonadales;Pseudomonadaceae;Pseudomonas;Pseudomonas putida,Pseudomonas,Pseudomonas putida
2b868acb906ca5a23d3950b48894cd70,AF542073.1.1325,407,100,Bacteria;Actinobacteriota;Actinobacteria;Micrococcales;Micrococcaceae;Micrococcus;,Bacteria;Actinobacteriota;Actinobacteria;Micrococcales;Micrococcaceae;Micrococcus;Micrococcus luteus,Micrococcus,Micrococcus luteus
699448fb38266307f1650576200697c3,MG948627.1.1363,425,100,Bacteria;Firmicutes;Bacilli;Mycoplasmatales;Mycoplasmataceae;Mycoplasma;,Bacteria;Firmicutes;Bacilli;Mycoplasmatales;Mycoplasmataceae;Mycoplasma;Mycoplasma wenyonii,Mycoplasma,Mycoplasma wenyonii
d4e740bc5c2587cbbb188e8e30026611,AJ438046.1.1512,409,100,Bacteria;Actinobacteriota;Actinobacteria;Corynebacteriales;Corynebacteriaceae;Corynebacterium;,Bacteria;Actinobacteriota;Actinobacteria;Corynebacteriales;Corynebacteriaceae;Corynebacterium;Corynebacterium tuberculostearicum,Corynebacterium,Corynebacterium tuberculostearicum
58046ab41562fc1db9dd82b2893313dd,CP029329.1143166.1144679,402,100,Bacteria;Firmicutes;Clostridia;Clostridiales;Clostridiaceae;Clostridium_sensu_stricto_1;,Bacteria;Firmicutes;Clostridia;Clostridiales;Clostridiaceae;Clostridium sensu stricto 1;Clostridium beijerinckii,NA,Clostridium beijerinckii
4b47b8f499c97cd1428049f40d97e58b,CP014947.4780669.4782215,427,100,Bacteria;Proteobacteria;Gammaproteobacteria;Pseudomonadales;Pseudomonadaceae;Pseudomonas;,Bacteria;Proteobacteria;Gammaproteobacteria;Pseudomonadales;Pseudomonadaceae;Pseudomonas;Pseudomonas koreensis,Pseudomonas,Pseudomonas koreensis
2cd30e9eda91687ba73dcae76f4f1880,EU834269.1.1384,402,100,NA,Bacteria;Proteobacteria;Alphaproteobacteria;Caulobacterales;Caulobacteraceae;Brevundimonas;Brevundimonas vesicularis,NA,Brevundimonas vesicularis
353dc9e514176baefc24b952e1309bba,EU169145.1.1368,427,100,Bacteria;Proteobacteria;Gammaproteobacteria;Pseudomonadales;Pseudomonadaceae;Pseudomonas;,Bacteria;Proteobacteria;Gammaproteobacteria;Pseudomonadales;Pseudomonadaceae;Pseudomonas;Pseudomonas tolaasii,Pseudomonas,Pseudomonas tolaasii
41452bafa4093acf3df277f328cec166,CP001022.10779.12333,427,100,Bacteria;Firmicutes;Bacilli;Exiguobacterales;Exiguobacteraceae;Exiguobacterium;,Bacteria;Firmicutes;Bacilli;Exiguobacterales;Exiguobacteraceae;Exiguobacterium;Exiguobacterium sibiricum 255-15,Exiguobacterium,Exiguobacterium sibiricum 255-15
08135439d312c5bdb27840a374c9fa92,X81664.1.1459,428,100,Bacteria;Proteobacteria;Gammaproteobacteria;Pseudomonadales;Moraxellaceae;Acinetobacter;,Bacteria;Proteobacteria;Gammaproteobacteria;Pseudomonadales;Moraxellaceae;Acinetobacter;Acinetobacter junii,Acinetobacter,Acinetobacter junii
c49cc7c2c45bd7a87913453e515ea14f,LN611366.1.1300,428,100,NA,Bacteria;Proteobacteria;Gammaproteobacteria;Pseudomonadales;Moraxellaceae;Acinetobacter;Acinetobacter baumannii,NA,Acinetobacter baumannii
048f8c7fa0e3ce6ab2aca94f6e7e0c90,LN898137.1.1292,427,100,NA,Bacteria;Proteobacteria;Gammaproteobacteria;Pseudomonadales;Pseudomonadaceae;Pseudomonas;Pseudomonas chlororaphis subsp. aurantiaca,NA,Pseudomonas chlororaphis subsp. aurantiaca
24d821dddfbe031b81a44817e6d6a4c1,KC333892.1.1228,427,100,Bacteria;Proteobacteria;Gammaproteobacteria;Enterobacterales;Enterobacteriaceae;NA;,Bacteria;Proteobacteria;Gammaproteobacteria;Enterobacterales;Enterobacteriaceae;Enterobacter;Enterobacter asburiae,NA,Enterobacter asburiae
2e119ce67894fe00027176e52f17a225,FJ494894.1.1275,427,100,Bacteria;Proteobacteria;Gammaproteobacteria;Aeromonadales;Aeromonadaceae;Aeromonas;,Bacteria;Proteobacteria;Gammaproteobacteria;Enterobacterales;Aeromonadaceae;Aeromonas;Aeromonas caviae,Aeromonas,Aeromonas caviae
ea8e20587d33fd6ff14fb6d89cbba4fe,EU294137.1.1446,427,100,NA,Bacteria;Proteobacteria;Gammaproteobacteria;Xanthomonadales;Xanthomonadaceae;Stenotrophomonas;Stenotrophomonas maltophilia,NA,Stenotrophomonas maltophilia
04be702b895fe5ed0568344daf564276,LC121094.1.1218,427,100,Bacteria;Firmicutes;Bacilli;Staphylococcales;Staphylococcaceae;Staphylococcus;,Bacteria;Firmicutes;Bacilli;Staphylococcales;Staphylococcaceae;Staphylococcus;Staphylococcus aureus,Staphylococcus,Staphylococcus aureus
5285b6cd1a098e5b6b77518633db0301,KF910316.1.1299,419,100,Bacteria;Actinobacteriota;Actinobacteria;Corynebacteriales;Mycobacteriaceae;Mycobacterium;,Bacteria;Actinobacteriota;Actinobacteria;Corynebacteriales;Mycobacteriaceae;Mycobacterium;Mycobacterium avium,Mycobacterium,Mycobacterium avium
94e5c426709e3731d622c6d2e11c965e,JQ957011.1.1354,427,100,Bacteria;Firmicutes;Bacilli;Staphylococcales;Staphylococcaceae;Staphylococcus;,Bacteria;Firmicutes;Bacilli;Staphylococcales;Staphylococcaceae;Staphylococcus;Staphylococcus haemolyticus,Staphylococcus,Staphylococcus haemolyticus
c95c29828395a6f53f96e96619916532,CP013913.890292.891842,427,100,Bacteria;Proteobacteria;Gammaproteobacteria;Enterobacterales;Yersiniaceae;Serratia;,Bacteria;Proteobacteria;Gammaproteobacteria;Enterobacterales;Yersiniaceae;Serratia;Serratia fonticola,Serratia,Serratia fonticola
15e409cec6365290b44b6ac6c6aad668,LN854580.1.1220,428,100,Bacteria;Proteobacteria;Gammaproteobacteria;Pseudomonadales;Moraxellaceae;Acinetobacter;,Bacteria;Proteobacteria;Gammaproteobacteria;Pseudomonadales;Moraxellaceae;Acinetobacter;Acinetobacter radioresistens,Acinetobacter,Acinetobacter radioresistens
523ebc6afe087772ff55bf0ae059d230,LS483370.4752109.4753633,427,100,Bacteria;Proteobacteria;Gammaproteobacteria;Pseudomonadales;Pseudomonadaceae;Pseudomonas;,Bacteria;Proteobacteria;Gammaproteobacteria;Pseudomonadales;Pseudomonadaceae;Pseudomonas;Pseudomonas taetrolens,Pseudomonas,Pseudomonas taetrolens
2ac71a21634d068d1ee3b67faa3773dc,AF288304.1.1426,402,100,Bacteria;Proteobacteria;Alphaproteobacteria;Rhizobiales;Xanthobacteraceae;NA;,Bacteria;Proteobacteria;Alphaproteobacteria;Rhizobiales;Xanthobacteraceae;Afipia;Afipia birgiae,NA,Afipia birgiae
6eb542cf4da1cf62343e6da2c918b4f6,AF320991.1.1467,427,100,Bacteria;Proteobacteria;Gammaproteobacteria;Pseudomonadales;Pseudomonadaceae;Pseudomonas;,Bacteria;Proteobacteria;Gammaproteobacteria;Pseudomonadales;Pseudomonadaceae;Pseudomonas;Pseudomonas gingeri,Pseudomonas,Pseudomonas gingeri
d72da071bc9d900b190163128cb16283,EU340025.1.1458,427,100,NA,Bacteria;Proteobacteria;Gammaproteobacteria;Xanthomonadales;Xanthomonadaceae;Stenotrophomonas;Stenotrophomonas maltophilia,NA,Stenotrophomonas maltophilia
83e9012bd9b435199668f8391e827936,CP019882.1683698.1685231,407,100,Bacteria;Actinobacteriota;Actinobacteria;Corynebacteriales;Mycobacteriaceae;Mycobacterium;,Bacteria;Actinobacteriota;Actinobacteria;Corynebacteriales;Mycobacteriaceae;Mycobacterium;Mycobacterium litorale,Mycobacterium,Mycobacterium litorale
d44a2730599f5d4f4e1ed973cc9609f0,EF516238.1.1421,402,100,Bacteria;Acidobacteriota;Acidobacteriae;Acidobacteriales;Koribacteraceae;Candidatus_Koribacter;,Bacteria;Acidobacteriota;Acidobacteriae;Acidobacteriales;Koribacteraceae;Candidatus Koribacter;uncultured bacterium,NA,uncultured bacterium
0794e7051945efe0907ef61fd59e6877,AJ429047.1.1485,407,100,Bacteria;Actinobacteriota;Actinobacteria;Corynebacteriales;Mycobacteriaceae;Mycobacterium;,Bacteria;Actinobacteriota;Actinobacteria;Corynebacteriales;Mycobacteriaceae;Mycobacterium;Mycobacterium rhodesiae,Mycobacterium,Mycobacterium rhodesiae
bb071962d981f185a79067a07d38afa2,MF405212.1.1321,428,100,NA,Bacteria;Proteobacteria;Gammaproteobacteria;Pseudomonadales;Moraxellaceae;Acinetobacter;Acinetobacter variabilis,NA,Acinetobacter variabilis
22cd1526577c48541b28af3cbf029c9d,FMJJ01000012.131284.134557,404,100,Bacteria;Patescibacteria;Parcubacteria;GWB1-42-6;NA;NA;,Bacteria;Firmicutes;Bacilli;Bacillales;Bacillaceae;Bacillus;Bacillus cereus,NA,Bacillus cereus
b77b151f7481fd080bedbf415e736539,KF571464.1.1357,427,100,Bacteria;Firmicutes;Bacilli;Lactobacillales;Listeriaceae;Listeria;,Bacteria;Firmicutes;Bacilli;Lactobacillales;Listeriaceae;Listeria;Listeria monocytogenes,Listeria,Listeria monocytogenes
97cd7f3e64740969a4f642d94f2c5a8b,FMJJ01000012.131284.134557,421,100,Bacteria;Patescibacteria;Parcubacteria;Paceibacterales;Paceibacteraceae;Candidatus_Paceibacter;,Bacteria;Firmicutes;Bacilli;Bacillales;Bacillaceae;Bacillus;Bacillus cereus,NA,Bacillus cereus
3ad90d219236899ccff7fb3bc3a37247,EF030540.1.1330,402,100,Bacteria;Firmicutes;Clostridia;Clostridiales;Clostridiaceae;Clostridium_sensu_stricto_1;,Bacteria;Firmicutes;Clostridia;Clostridiales;Clostridiaceae;Clostridium sensu stricto 1;Clostridium botulinum,NA,Clostridium botulinum
4f52c06bab364867d8911147cbccbc38,JN571746.1.1447,427,100,Bacteria;Proteobacteria;Gammaproteobacteria;Enterobacterales;Enterobacteriaceae;Plesiomonas;,Bacteria;Proteobacteria;Gammaproteobacteria;Enterobacterales;Enterobacteriaceae;Plesiomonas;Plesiomonas shigelloides,Plesiomonas,Plesiomonas shigelloides
4681c57ec3d96b1208d0518eecb25e58,FMJJ01000012.131284.134557,428,100,Archaea;NA;NA;NA;NA;NA;,Bacteria;Firmicutes;Bacilli;Bacillales;Bacillaceae;Bacillus;Bacillus cereus,NA,Bacillus cereus
f042e78a183bac0cdd7deece07f55499,FMJJ01000012.131284.134557,415,100,Archaea;NA;NA;NA;NA;NA;,Bacteria;Firmicutes;Bacilli;Bacillales;Bacillaceae;Bacillus;Bacillus cereus,NA,Bacillus cereus
b41970d12b41c00b46bfe4adecdf6b05,FMJJ01000012.131284.134557,430,100,Archaea;NA;NA;NA;NA;NA;,Bacteria;Firmicutes;Bacilli;Bacillales;Bacillaceae;Bacillus;Bacillus cereus,NA,Bacillus cereus
3627c3f89349d7ddb44c703c92481850,FMJJ01000012.131284.134557,409,100,Bacteria;Patescibacteria;Parcubacteria;NA;NA;NA;,Bacteria;Firmicutes;Bacilli;Bacillales;Bacillaceae;Bacillus;Bacillus cereus,NA,Bacillus cereus
7c93eaea409179b44f8cdc198f5392e3,FMJJ01000012.131284.134557,420,100,Archaea;NA;NA;NA;NA;NA;,Bacteria;Firmicutes;Bacilli;Bacillales;Bacillaceae;Bacillus;Bacillus cereus,NA,Bacillus cereus
e6ae02e1d4345f18914fc7b1cbab7b15,FMJJ01000012.131284.134557,400,100,Archaea;Nanoarchaeota;Nanoarchaeia;Woesearchaeales;NA;NA;,Bacteria;Firmicutes;Bacilli;Bacillales;Bacillaceae;Bacillus;Bacillus cereus,NA,Bacillus cereus
b74b5f757f62524bd193502e996a8974,KT767681.1.1437,427,100,Bacteria;Proteobacteria;Gammaproteobacteria;Pseudomonadales;Pseudomonadaceae;Pseudomonas;,Bacteria;Proteobacteria;Gammaproteobacteria;Pseudomonadales;Pseudomonadaceae;Pseudomonas;Pseudomonas fragi,Pseudomonas,Pseudomonas fragi
b2b3c0f0b487edaf28d7a348b354cdcb,KU365781.1.1260,428,100,Bacteria;Proteobacteria;Gammaproteobacteria;Pseudomonadales;Moraxellaceae;Acinetobacter;,Bacteria;Proteobacteria;Gammaproteobacteria;Pseudomonadales;Moraxellaceae;Acinetobacter;Acinetobacter johnsonii,Acinetobacter,Acinetobacter johnsonii
5f9cba1919f873f3f6a64593690bbd7c,KT767682.1.1436,427,100,Bacteria;Proteobacteria;Gammaproteobacteria;Pseudomonadales;Pseudomonadaceae;Pseudomonas;,Bacteria;Proteobacteria;Gammaproteobacteria;Pseudomonadales;Pseudomonadaceae;Pseudomonas;Pseudomonas fragi,Pseudomonas,Pseudomonas fragi
83e200e6aa49b79396f052dd3db97e6b,CP013913.692500.694050,427,100,Bacteria;Proteobacteria;Gammaproteobacteria;Enterobacterales;Yersiniaceae;Serratia;,Bacteria;Proteobacteria;Gammaproteobacteria;Enterobacterales;Yersiniaceae;Serratia;Serratia fonticola,Serratia,Serratia fonticola
a6499c331ca652a5c070f51ef025b901,CP010350.2826891.2828435,428,100,Bacteria;Proteobacteria;Gammaproteobacteria;Pseudomonadales;Moraxellaceae;Acinetobacter;,Bacteria;Proteobacteria;Gammaproteobacteria;Pseudomonadales;Moraxellaceae;Acinetobacter;Acinetobacter johnsonii XBB1,Acinetobacter,Acinetobacter johnsonii XBB1
63139870d53221d21125bdfa099fc18d,FMJJ01000012.131284.134557,404,100,Bacteria;Patescibacteria;Parcubacteria;NA;NA;NA;,Bacteria;Firmicutes;Bacilli;Bacillales;Bacillaceae;Bacillus;Bacillus cereus,NA,Bacillus cereus
892a20bbdc3ce599dc0c5d9f0866c352,KU324904.1.1206,427,100,Bacteria;Firmicutes;Bacilli;Lactobacillales;Enterococcaceae;Enterococcus;,Bacteria;Firmicutes;Bacilli;Lactobacillales;Enterococcaceae;Enterococcus;Enterococcus faecalis,Enterococcus,Enterococcus faecalis
2d9f509b0fba5e6b4d194a99a3dbe7d6,EF667896.1.1460,402,100,Bacteria;Proteobacteria;Alphaproteobacteria;Rickettsiales;Rickettsiaceae;Candidatus_Megaira;,Bacteria;Proteobacteria;Alphaproteobacteria;Rickettsiales;Rickettsiaceae;Candidatus Megaira;uncultured Rickettsiales bacterium,NA,uncultured Rickettsiales bacterium
e5d85a0fd654e4ff7a2b0885c1580634,KJ438148.1.1438,427,100,Bacteria;Proteobacteria;Gammaproteobacteria;Pseudomonadales;Pseudomonadaceae;Pseudomonas;,Bacteria;Proteobacteria;Gammaproteobacteria;Pseudomonadales;Pseudomonadaceae;Pseudomonas;Pseudomonas brassicacearum,Pseudomonas,Pseudomonas brassicacearum
28140dabde227041d333d23976ce302f,AJ627599.1.1419,427,100,Bacteria;Proteobacteria;Gammaproteobacteria;Enterobacterales;Yersiniaceae;Yersinia;,Bacteria;Proteobacteria;Gammaproteobacteria;Enterobacterales;Yersiniaceae;Yersinia;Yersinia aleksiciae,Yersinia,Yersinia aleksiciae
6e7446aa416d11260a1e60a18e8670c3,FM865870.1.1502,427,100,Bacteria;Proteobacteria;Gammaproteobacteria;Pseudomonadales;Pseudomonadaceae;Pseudomonas;,Bacteria;Proteobacteria;Gammaproteobacteria;Pseudomonadales;Pseudomonadaceae;Pseudomonas;Pseudomonas asturiensis,Pseudomonas,Pseudomonas asturiensis
20cac722e4c79ef8e001ba1a17ef9533,CP009215.622461.623988,410,100,Bacteria;Actinobacteriota;Actinobacteria;Corynebacteriales;Corynebacteriaceae;Corynebacterium;,Bacteria;Actinobacteriota;Actinobacteria;Corynebacteriales;Corynebacteriaceae;Corynebacterium;Corynebacterium ureicelerivorans,Corynebacterium,Corynebacterium ureicelerivorans
4c992f89c27a91f6fd19469749af3c76,HM061755.1.1419,402,100,Bacteria;Acidobacteriota;Acidobacteriae;Acidobacteriales;Koribacteraceae;Candidatus_Koribacter;,Bacteria;Acidobacteriota;Acidobacteriae;Acidobacteriales;Koribacteraceae;Candidatus Koribacter;uncultured Acidobacteria bacterium,NA,uncultured Acidobacteria bacterium
6e7896948c0d0e445a4ed015b1f45f15,FN908458.1.1251,427,100,Bacteria;Proteobacteria;Gammaproteobacteria;Enterobacterales;Yersiniaceae;Yersinia;,Bacteria;Proteobacteria;Gammaproteobacteria;Enterobacterales;Yersiniaceae;Yersinia;Yersinia intermedia,Yersinia,Yersinia intermedia
e311d3f69c3425c96a683f6f1f6810d0,KF424299.1.1443,427,100,Bacteria;Proteobacteria;Gammaproteobacteria;Pseudomonadales;Pseudomonadaceae;Pseudomonas;,Bacteria;Proteobacteria;Gammaproteobacteria;Pseudomonadales;Pseudomonadaceae;Pseudomonas;Pseudomonas ficuserectae,Pseudomonas,Pseudomonas ficuserectae
c8a628a16ae9c94ea0114a9b67c95097,FMJJ01000012.131284.134557,404,100,Bacteria;Patescibacteria;Parcubacteria;GWB1-42-6;NA;NA;,Bacteria;Firmicutes;Bacilli;Bacillales;Bacillaceae;Bacillus;Bacillus cereus,NA,Bacillus cereus
fffe37a9c181d9cef73d90e60bad5c3f,EU594555.1.1445,427,100,Bacteria;Proteobacteria;Gammaproteobacteria;Pseudomonadales;Pseudomonadaceae;Pseudomonas;,Bacteria;Proteobacteria;Gammaproteobacteria;Pseudomonadales;Pseudomonadaceae;Pseudomonas;Pseudomonas fulva,Pseudomonas,Pseudomonas fulva
3adc131865eb04abe5833d6f1e1934e0,HQ598708.1.1456,402,100,Bacteria;Acidobacteriota;Acidobacteriae;Acidobacteriales;Koribacteraceae;Candidatus_Koribacter;,Bacteria;Acidobacteriota;Acidobacteriae;Acidobacteriales;Koribacteraceae;Candidatus Koribacter;uncultured Acidobacteria bacterium,NA,uncultured Acidobacteria bacterium
01d6c7d6202189e58690fa60293d03fc,FPLS01000388.17.1499,402,100,Bacteria;Proteobacteria;Alphaproteobacteria;Paracaedibacterales;Paracaedibacteraceae;Candidatus_Paracaedibacter;,Bacteria;Proteobacteria;Alphaproteobacteria;Paracaedibacterales;Paracaedibacteraceae;Candidatus Paracaedibacter;metagenome,NA,metagenome
064344266fed8e574dbda1d04676bd63,U57632.1.1474,407,100,Bacteria;Actinobacteriota;Actinobacteria;Corynebacteriales;Mycobacteriaceae;Mycobacterium;,Bacteria;Actinobacteriota;Actinobacteria;Corynebacteriales;Mycobacteriaceae;Mycobacterium;Mycobacterium triplex,Mycobacterium,Mycobacterium triplex
88386585d0db76209a15a24bd3f7b20a,KF956671.1.1425,427,100,Bacteria;Firmicutes;Bacilli;Bacillales;Planococcaceae;Sporosarcina;,Bacteria;Firmicutes;Bacilli;Bacillales;Planococcaceae;Psychrobacillus;Lysinibacillus sphaericus,NA,Lysinibacillus sphaericus
f4d6321c5a128364c3ec9543e21e7cde,EF179125.1.1461,427,100,Bacteria;Proteobacteria;Gammaproteobacteria;Enterobacterales;Yersiniaceae;Yersinia;,Bacteria;Proteobacteria;Gammaproteobacteria;Enterobacterales;Yersiniaceae;Yersinia;Yersinia aldovae,Yersinia,Yersinia aldovae
95b23a46dec7fabd0501b227cef853f5,FMJJ01000012.131284.134557,403,100,Bacteria;Patescibacteria;Gracilibacteria;Absconditabacteriales_(SR1);NA;NA;,Bacteria;Firmicutes;Bacilli;Bacillales;Bacillaceae;Bacillus;Bacillus cereus,NA,Bacillus cereus
8b74089f59b28e641f2c8c736707f8b2,GU370902.1.1228,427,100,Bacteria;Proteobacteria;Gammaproteobacteria;Enterobacterales;Enterobacteriaceae;Salmonella;,Bacteria;Proteobacteria;Gammaproteobacteria;Enterobacterales;Enterobacteriaceae;Salmonella;Salmonella enterica,Salmonella,Salmonella enterica
c70929d2c7feeb18a2e07d1aaaa04c7d,HE576388.1.1415,402,100,Bacteria;Proteobacteria;Alphaproteobacteria;Paracaedibacterales;Paracaedibacteraceae;Candidatus_Paracaedibacter;,Bacteria;Proteobacteria;Alphaproteobacteria;Paracaedibacterales;Paracaedibacteraceae;Candidatus Paracaedibacter;uncultured bacterium,NA,uncultured bacterium
421c1e4bd2e0cc4b9aa1bf93080aa9b5,FMJJ01000012.131284.134557,421,100,Bacteria;Patescibacteria;Parcubacteria;Paceibacterales;Paceibacteraceae;Candidatus_Paceibacter;,Bacteria;Firmicutes;Bacilli;Bacillales;Bacillaceae;Bacillus;Bacillus cereus,NA,Bacillus cereus
956b10ffa805d6bfafd31088bec15760,FMJJ01000012.131284.134557,409,100,Bacteria;Patescibacteria;Parcubacteria;NA;NA;NA;,Bacteria;Firmicutes;Bacilli;Bacillales;Bacillaceae;Bacillus;Bacillus cereus,NA,Bacillus cereus
54c0ae9caa099c4bd7972707b4cbd50f,FMJJ01000012.131284.134557,403,100,Bacteria;Patescibacteria;Gracilibacteria;Absconditabacteriales_(SR1);NA;NA;,Bacteria;Firmicutes;Bacilli;Bacillales;Bacillaceae;Bacillus;Bacillus cereus,NA,Bacillus cereus
f8c87b9a6bdb180dbb3ba83a2e99a864,FMJJ01000012.131284.134557,404,100,Bacteria;Patescibacteria;Parcubacteria;NA;NA;NA;,Bacteria;Firmicutes;Bacilli;Bacillales;Bacillaceae;Bacillus;Bacillus cereus,NA,Bacillus cereus
800a87bc61b14a958571e0cafd3a48c9,FMJJ01000012.131284.134557,409,100,Bacteria;Patescibacteria;Parcubacteria;NA;NA;NA;,Bacteria;Firmicutes;Bacilli;Bacillales;Bacillaceae;Bacillus;Bacillus cereus,NA,Bacillus cereus
0a1f5ed70dcb37a86924dbd5fde981af,JX849037.1.1423,428,100,Bacteria;Proteobacteria;Gammaproteobacteria;Pseudomonadales;Moraxellaceae;Enhydrobacter;,Bacteria;Proteobacteria;Gammaproteobacteria;Pseudomonadales;Moraxellaceae;Enhydrobacter;Moraxella osloensis,Enhydrobacter,Moraxella osloensis
09403870435de24e0d1079059a287957,LK391613.1.1265,407,100,Bacteria;Actinobacteriota;Actinobacteria;Micrococcales;Micrococcaceae;Micrococcus;,Bacteria;Actinobacteriota;Actinobacteria;Micrococcales;Micrococcaceae;Micrococcus;Micrococcus luteus,Micrococcus,Micrococcus luteus
22ba79bc09a88468552595f7680bf750,EU834264.1.1464,427,100,Bacteria;Proteobacteria;Gammaproteobacteria;Enterobacterales;Enterobacteriaceae;NA;,Bacteria;Proteobacteria;Gammaproteobacteria;Enterobacterales;Enterobacteriaceae;Enterobacter;Raoultella ornithinolytica,NA,Raoultella ornithinolytica
43a54829cc0d7a58a61ad7f833cc2b22,FN554713.1.1288,427,100,Bacteria;Firmicutes;Bacilli;Staphylococcales;Staphylococcaceae;Staphylococcus;,Bacteria;Firmicutes;Bacilli;Staphylococcales;Staphylococcaceae;Staphylococcus;Staphylococcus capitis,Staphylococcus,Staphylococcus capitis
04df57afb74c9d1424538cbc1e0bf8f4,KX702973.1.1284,402,100,Bacteria;Proteobacteria;Alphaproteobacteria;Paracaedibacterales;Paracaedibacteraceae;NA;,Bacteria;Proteobacteria;Alphaproteobacteria;Paracaedibacterales;Paracaedibacteraceae;uncultured;uncultured Rickettsiales bacterium,NA,uncultured Rickettsiales bacterium
a81edf8bb452c03edfa7901fbb5c69f9,AB680900.1.1472,426,100,NA,Bacteria;Firmicutes;Bacilli;Lactobacillales;Carnobacteriaceae;Dolosigranulum;Dolosigranulum pigrum,NA,Dolosigranulum pigrum
b40ab2a6292c346f80cb6a1cde1db757,JQ282807.1.1453,408,100,Bacteria;Actinobacteriota;Actinobacteria;Corynebacteriales;Corynebacteriaceae;Corynebacterium;,Bacteria;Actinobacteriota;Actinobacteria;Corynebacteriales;Corynebacteriaceae;Corynebacterium;Corynebacterium afermentans,Corynebacterium,Corynebacterium afermentans
7e7f8ede26a674373ffdcc82edd0c8ef,JQ229796.1.1431,427,100,Bacteria;Proteobacteria;Gammaproteobacteria;Pseudomonadales;Pseudomonadaceae;Pseudomonas;,Bacteria;Proteobacteria;Gammaproteobacteria;Pseudomonadales;Pseudomonadaceae;Pseudomonas;Pseudomonas fulva,Pseudomonas,Pseudomonas fulva
59772a4c34956dfd7fe0b53268cec7d9,EU834261.1.1450,427,100,Bacteria;Proteobacteria;Gammaproteobacteria;Pseudomonadales;Pseudomonadaceae;Pseudomonas;,Bacteria;Proteobacteria;Gammaproteobacteria;Pseudomonadales;Pseudomonadaceae;Pseudomonas;Pseudomonas plecoglossicida,Pseudomonas,Pseudomonas plecoglossicida
b42703827532a15625c00b481242c5e1,MG571659.1.1395,427,100,Bacteria;Proteobacteria;Gammaproteobacteria;Pseudomonadales;Pseudomonadaceae;Pseudomonas;,Bacteria;Proteobacteria;Gammaproteobacteria;Pseudomonadales;Pseudomonadaceae;Pseudomonas;Pseudomonas frederiksbergensis,Pseudomonas,Pseudomonas frederiksbergensis
20893ff0487ecc5104e0b3f6d83c622a,FJ976900.1.1503,427,100,Bacteria;Proteobacteria;Gammaproteobacteria;Aeromonadales;Aeromonadaceae;Aeromonas;,Bacteria;Proteobacteria;Gammaproteobacteria;Enterobacterales;Aeromonadaceae;Aeromonas;Aeromonas rivuli,Aeromonas,Aeromonas rivuli
71eb0666483e7ab5d82b303b5e010327,AJ293694.1.1456,428,100,Bacteria;Proteobacteria;Gammaproteobacteria;Pseudomonadales;Moraxellaceae;Acinetobacter;,Bacteria;Proteobacteria;Gammaproteobacteria;Pseudomonadales;Moraxellaceae;Acinetobacter;Acinetobacter gyllenbergii,Acinetobacter,Acinetobacter gyllenbergii
5407a2990b1f17dc1f9bc6d3a5d2a398,AAYJ01000093.1.1405,428,100,Bacteria;Desulfobacterota;Desulfuromonadia;Geobacterales;Geobacteraceae;Geobacter;,Bacteria;Desulfobacterota;Desulfuromonadia;Geobacterales;Geobacteraceae;Geobacter;Coxiella burnetii Q321,Geobacter,Coxiella burnetii Q321
073226a8e2ccf806373b8c189722b966,KX833977.1.1441,427,100,Bacteria;Proteobacteria;Gammaproteobacteria;Enterobacterales;Erwiniaceae;NA;,Bacteria;Proteobacteria;Gammaproteobacteria;Enterobacterales;Erwiniaceae;Erwinia;Erwinia persicina,NA,Erwinia persicina
4beba16b45e183b571d4cbfedb8df719,JQ778983.1.1484,422,100,Bacteria;Bacteroidota;Bacteroidia;Bacteroidales;Prevotellaceae;Prevotella;,Bacteria;Bacteroidota;Bacteroidia;Bacteroidales;Prevotellaceae;Prevotella_7;Prevotella jejuni,NA,Prevotella jejuni
47311034d26872902e151c2c7a070256,AM946981.226604.228144,427,100,NA,Bacteria;Proteobacteria;Gammaproteobacteria;Enterobacterales;Enterobacteriaceae;Escherichia-Shigella;Escherichia coli BL21(DE3),NA,Escherichia coli BL21(DE3)
9428307ae6fa28e4d91a927c2bc8f540,FMJJ01000012.131284.134557,411,100,Bacteria;Patescibacteria;Parcubacteria;Paceibacterales;Paceibacteraceae;Candidatus_Paceibacter;,Bacteria;Firmicutes;Bacilli;Bacillales;Bacillaceae;Bacillus;Bacillus cereus,NA,Bacillus cereus
580a11993399ebc06494e61e70a90137,X80750.1.1472,407,100,NA,Bacteria;Actinobacteriota;Actinobacteria;Micrococcales;Micrococcaceae;Micrococcus;Micrococcus lylae,NA,Micrococcus lylae
137d5e552218cc78a70f55640e1a79b3,FMJJ01000012.131284.134557,421,100,Bacteria;Patescibacteria;Parcubacteria;Paceibacterales;Paceibacteraceae;Candidatus_Paceibacter;,Bacteria;Firmicutes;Bacilli;Bacillales;Bacillaceae;Bacillus;Bacillus cereus,NA,Bacillus cereus
2cc7cdc9f652ae5f021e7cb04eee9f32,FMJJ01000012.131284.134557,411,100,Bacteria;Patescibacteria;Parcubacteria;Paceibacterales;Paceibacteraceae;Candidatus_Paceibacter;,Bacteria;Firmicutes;Bacilli;Bacillales;Bacillaceae;Bacillus;Bacillus cereus,NA,Bacillus cereus
e8c5de38f5d19909a53fd8a17fe12328,FMJJ01000012.131284.134557,411,100,Bacteria;Patescibacteria;Parcubacteria;Paceibacterales;Paceibacteraceae;Candidatus_Paceibacter;,Bacteria;Firmicutes;Bacilli;Bacillales;Bacillaceae;Bacillus;Bacillus cereus,NA,Bacillus cereus
bceeba57f0e52147954f2dd273008b49,FMJJ01000012.131284.134557,418,100,Bacteria;Patescibacteria;ABY1;NA;NA;NA;,Bacteria;Firmicutes;Bacilli;Bacillales;Bacillaceae;Bacillus;Bacillus cereus,NA,Bacillus cereus
2d458c80cccd1e259d9a0e0ecde8abe8,FMJJ01000012.131284.134557,412,100,Bacteria;Patescibacteria;Parcubacteria;Paceibacterales;Paceibacteraceae;Candidatus_Paceibacter;,Bacteria;Firmicutes;Bacilli;Bacillales;Bacillaceae;Bacillus;Bacillus cereus,NA,Bacillus cereus
49795896f67a87d5f67ee87c7a48c5cf,FMJJ01000012.131284.134557,404,100,Bacteria;Patescibacteria;Gracilibacteria;Absconditabacteriales_(SR1);NA;NA;,Bacteria;Firmicutes;Bacilli;Bacillales;Bacillaceae;Bacillus;Bacillus cereus,NA,Bacillus cereus
16d18074f82acc0978490aece59b1801,FMJJ01000012.131284.134557,409,100,Bacteria;Patescibacteria;Parcubacteria;NA;NA;NA;,Bacteria;Firmicutes;Bacilli;Bacillales;Bacillaceae;Bacillus;Bacillus cereus,NA,Bacillus cereus
55bb6bf97dec2e75c8d52ae586b58d18,FMJJ01000012.131284.134557,404,100,Bacteria;Patescibacteria;ABY1;Candidatus_Falkowbacteria;NA;NA;,Bacteria;Firmicutes;Bacilli;Bacillales;Bacillaceae;Bacillus;Bacillus cereus,NA,Bacillus cereus
84e787461a5a7b3d1874abe136e6885a,FMJJ01000012.131284.134557,417,100,Bacteria;Patescibacteria;Parcubacteria;NA;NA;NA;,Bacteria;Firmicutes;Bacilli;Bacillales;Bacillaceae;Bacillus;Bacillus cereus,NA,Bacillus cereus
e35da2b49f6e22e34e71000adc9e4616,FMJJ01000012.131284.134557,409,100,Bacteria;Patescibacteria;Parcubacteria;NA;NA;NA;,Bacteria;Firmicutes;Bacilli;Bacillales;Bacillaceae;Bacillus;Bacillus cereus,NA,Bacillus cereus
bcae8f7d2c42acfe3559c665f68f6320,JX867754.1.1447,428,100,Bacteria;Proteobacteria;Gammaproteobacteria;Pseudomonadales;Moraxellaceae;Acinetobacter;,Bacteria;Proteobacteria;Gammaproteobacteria;Pseudomonadales;Moraxellaceae;Acinetobacter;Acinetobacter bouvetii,Acinetobacter,Acinetobacter bouvetii
938f31a4054ad061c7a8e224be622491,MH196457.1.1422,402,100,Bacteria;Firmicutes;Clostridia;Clostridiales;Clostridiaceae;Clostridium_sensu_stricto_1;,Bacteria;Firmicutes;Clostridia;Clostridiales;Clostridiaceae;Clostridium sensu stricto 1;Clostridium puniceum,NA,Clostridium puniceum
6fccfd872b46e650eb693b1d2e80a363,JQ815206.1.1432,428,100,Bacteria;Proteobacteria;Gammaproteobacteria;Pseudomonadales;Moraxellaceae;Acinetobacter;,Bacteria;Proteobacteria;Gammaproteobacteria;Pseudomonadales;Moraxellaceae;Acinetobacter;Acinetobacter johnsonii,Acinetobacter,Acinetobacter johnsonii
ddc24800091152e698b23d25fa609944,AY167838.1.1436,427,100,Bacteria;Proteobacteria;Gammaproteobacteria;Burkholderiales;Oxalobacteraceae;Massilia;,Bacteria;Proteobacteria;Gammaproteobacteria;Burkholderiales;Oxalobacteraceae;Massilia;Janthinobacterium agaricidamnosum,Massilia,Janthinobacterium agaricidamnosum
4b594c8bf63bbb3f04615c7b142e1e14,EU196772.1.1203,427,100,Bacteria;Proteobacteria;Gammaproteobacteria;Pseudomonadales;Pseudomonadaceae;Pseudomonas;,Bacteria;Proteobacteria;Gammaproteobacteria;Pseudomonadales;Pseudomonadaceae;Pseudomonas;Pseudomonas syringae,Pseudomonas,Pseudomonas syringae
fd7575e2e1162127689250d39e8b6745,KC895498.1.1444,428,100,Bacteria;Proteobacteria;Gammaproteobacteria;Pseudomonadales;Moraxellaceae;Acinetobacter;,Bacteria;Proteobacteria;Gammaproteobacteria;Pseudomonadales;Moraxellaceae;Acinetobacter;Acinetobacter johnsonii,Acinetobacter,Acinetobacter johnsonii
a7d60cba7160765ee7ef6fe3bf9704b7,MG755783.1.1245,427,100,Bacteria;Proteobacteria;Gammaproteobacteria;Pseudomonadales;Pseudomonadaceae;Pseudomonas;,Bacteria;Proteobacteria;Gammaproteobacteria;Pseudomonadales;Pseudomonadaceae;Pseudomonas;Pseudomonas fluorescens,Pseudomonas,Pseudomonas fluorescens
83626462931099277d1efec49d80f8b8,AF498650.1.1517,407,100,Bacteria;Actinobacteriota;Actinobacteria;Corynebacteriales;Mycobacteriaceae;Mycobacterium;,Bacteria;Actinobacteriota;Actinobacteria;Corynebacteriales;Mycobacteriaceae;Mycobacterium;Mycobacterium rhodesiae,Mycobacterium,Mycobacterium rhodesiae
60f4ae1cfdd199254875a22d5639345f,HM007593.1.1356,427,100,Bacteria;Proteobacteria;Gammaproteobacteria;Enterobacterales;Yersiniaceae;Yersinia;,Bacteria;Proteobacteria;Gammaproteobacteria;Enterobacterales;Yersiniaceae;Yersinia;Yersinia pseudotuberculosis,Yersinia,Yersinia pseudotuberculosis
71af81d84051f514c8d84f1fec019f68,AB681849.1.1456,427,100,Bacteria;Proteobacteria;Gammaproteobacteria;Burkholderiales;Oxalobacteraceae;Janthinobacterium;,Bacteria;Proteobacteria;Gammaproteobacteria;Burkholderiales;Oxalobacteraceae;Janthinobacterium;Janthinobacterium agaricidamnosum,Janthinobacterium,Janthinobacterium agaricidamnosum
feba18a6657c8e42f543aa01f54499af,MF185172.1.1321,427,100,Bacteria;Firmicutes;Bacilli;Bacillales;Planococcaceae;Lysinibacillus;,Bacteria;Firmicutes;Bacilli;Bacillales;Planococcaceae;Lysinibacillus;Lysinibacillus sphaericus,Lysinibacillus,Lysinibacillus sphaericus
a0b05252e82abbeff8c4c4dfb8d89b92,CP028730.4310636.4312160,427,100,Bacteria;Proteobacteria;Gammaproteobacteria;Alteromonadales;Shewanellaceae;Shewanella;,Bacteria;Proteobacteria;Gammaproteobacteria;Enterobacterales;Shewanellaceae;Shewanella;Shewanella baltica,Shewanella,Shewanella baltica
bad96345dee787c9f6762d9b382960c5,KJ819601.1.1348,427,100,Bacteria;Proteobacteria;Gammaproteobacteria;Pseudomonadales;Pseudomonadaceae;Pseudomonas;,Bacteria;Proteobacteria;Gammaproteobacteria;Pseudomonadales;Pseudomonadaceae;Pseudomonas;Pseudomonas mandelii,Pseudomonas,Pseudomonas mandelii
747501e317e516f61918dd58537d9b23,HQ599029.1.1458,402,100,Bacteria;Acidobacteriota;Acidobacteriae;Acidobacteriales;Koribacteraceae;Candidatus_Koribacter;,Bacteria;Acidobacteriota;Acidobacteriae;Acidobacteriales;Koribacteraceae;Candidatus Koribacter;uncultured Acidobacteria bacterium,NA,uncultured Acidobacteria bacterium
29b9b0c2d3a36ff404bfba4cb63aca1e,KF924217.1.1415,407,100,NA,Bacteria;Actinobacteriota;Actinobacteria;Micrococcales;Intrasporangiaceae;Janibacter;Janibacter melonis,NA,Janibacter melonis
a2c61bfd131f18c4fd375410fc0049f4,KF150780.1.1365,427,100,Bacteria;Proteobacteria;Gammaproteobacteria;Vibrionales;Vibrionaceae;Vibrio;,Bacteria;Proteobacteria;Gammaproteobacteria;Enterobacterales;Vibrionaceae;Vibrio;Listonella anguillarum,Vibrio,Listonella anguillarum
16e1d9dade6c0443fc73246163bff500,AF480597.1.1472,407,100,Bacteria;Actinobacteriota;Actinobacteria;Corynebacteriales;Mycobacteriaceae;Mycobacterium;,Bacteria;Actinobacteriota;Actinobacteria;Corynebacteriales;Mycobacteriaceae;Mycobacterium;Mycobacterium chubuense,Mycobacterium,Mycobacterium chubuense
afb082bc3c79bea651cf3a01b5fc610f,AF542233.1.1411,400,100,NA,Bacteria;Firmicutes;Clostridia;Peptostreptococcales-Tissierellales;Family XI;Anaerococcus;Anaerococcus lactolyticus,NA,Anaerococcus lactolyticus
673379cd9d82317b181de0b060da4477,KY649493.1.1293,427,100,Bacteria;Firmicutes;Bacilli;Lactobacillales;Streptococcaceae;Lactococcus;,Bacteria;Firmicutes;Bacilli;Lactobacillales;Streptococcaceae;Lactococcus;Leuconostoc pseudomesenteroides,Lactococcus,Leuconostoc pseudomesenteroides
1255a875ab8cd31a8f39d2f912240f8d,FMJJ01000012.131284.134557,428,100,Archaea;NA;NA;NA;NA;NA;,Bacteria;Firmicutes;Bacilli;Bacillales;Bacillaceae;Bacillus;Bacillus cereus,NA,Bacillus cereus
1d69806f9c912f325cc581d0b5d122b8,EF565162.1.1533,427,100,Bacteria;Proteobacteria;Gammaproteobacteria;Burkholderiales;Rhodocyclaceae;NA;,Bacteria;Proteobacteria;Gammaproteobacteria;Burkholderiales;Rhodocyclaceae;Candidatus Accumulibacter;uncultured bacterium,NA,uncultured bacterium
c9377880acbaa16667287c0e0a1b2ff2,FMJJ01000012.131284.134557,403,100,Bacteria;Patescibacteria;Gracilibacteria;Absconditabacteriales_(SR1);NA;NA;,Bacteria;Firmicutes;Bacilli;Bacillales;Bacillaceae;Bacillus;Bacillus cereus,NA,Bacillus cereus
89369021162fa7a93e49d631f99a45dc,FMJJ01000012.131284.134557,403,100,Bacteria;Patescibacteria;Gracilibacteria;Absconditabacteriales_(SR1);NA;NA;,Bacteria;Firmicutes;Bacilli;Bacillales;Bacillaceae;Bacillus;Bacillus cereus,NA,Bacillus cereus
aeea3e3efbc42cdcac3792bd491008cb,AF207073.1.1392,422,100,Bacteria;Bacteroidota;Bacteroidia;Flavobacteriales;Weeksellaceae;Elizabethkingia;,Bacteria;Bacteroidota;Bacteroidia;Flavobacteriales;Weeksellaceae;Elizabethkingia;Elizabethkingia meningoseptica,Elizabethkingia,Elizabethkingia meningoseptica
f31b52b4b18b87e67a69fb1ff7f929c2,FMJJ01000012.131284.134557,411,100,Bacteria;Patescibacteria;Parcubacteria;Paceibacterales;Paceibacteraceae;Candidatus_Paceibacter;,Bacteria;Firmicutes;Bacilli;Bacillales;Bacillaceae;Bacillus;Bacillus cereus,NA,Bacillus cereus
936cfdb4f1efb41f521d55e2cff976f2,EU570346.1.1442,407,100,Bacteria;Actinobacteriota;Actinobacteria;Corynebacteriales;Nocardiaceae;Nocardia;,Bacteria;Actinobacteriota;Actinobacteria;Corynebacteriales;Nocardiaceae;Nocardia;Nocardia salmonicida subsp. cummidelens,Nocardia,Nocardia salmonicida subsp. cummidelens
ed3202db6d71c50cfa44d5916f16389f,FMJJ01000012.131284.134557,423,100,Archaea;Nanoarchaeota;Nanoarchaeia;Woesearchaeales;NA;NA;,Bacteria;Firmicutes;Bacilli;Bacillales;Bacillaceae;Bacillus;Bacillus cereus,NA,Bacillus cereus
0cce7982066124071e6a9861ef7a3a61,LN866622.1.1255,427,100,Bacteria;Proteobacteria;Gammaproteobacteria;Pseudomonadales;Pseudomonadaceae;Pseudomonas;,Bacteria;Proteobacteria;Gammaproteobacteria;Pseudomonadales;Pseudomonadaceae;Pseudomonas;Pseudomonas putida,Pseudomonas,Pseudomonas putida
409f711b59152d57926cf444c5577087,KY003111.1.1207,427,100,NA,Bacteria;Firmicutes;Bacilli;Lactobacillales;Streptococcaceae;Streptococcus;Streptococcus salivarius,NA,Streptococcus salivarius
d1ae7f18ff0ceb7a151975501058036a,AB055863.1.1439,402,100,NA,Bacteria;Proteobacteria;Alphaproteobacteria;Sphingomonadales;Sphingomonadaceae;Sphingomonas;Sphingomonas melonis,NA,Sphingomonas melonis
44536e7d859312677ce835c0cb53eeca,AM157450.1.1517,427,100,NA,Bacteria;Firmicutes;Bacilli;Staphylococcales;Gemellaceae;Gemella;Gemella haemolysans,NA,Gemella haemolysans
5f8b99d96b9fb65e12c944b3f8bd38b9,FJ493018.1.1242,427,100,NA,Bacteria;Proteobacteria;Gammaproteobacteria;Burkholderiales;Burkholderiaceae;Burkholderia-Caballeronia-Paraburkholderia;Burkholderia lata,NA,Burkholderia lata
d3829c53b66db828d6bff7f21c6dad28,AB002524.1.1358,427,100,NA,Bacteria;Firmicutes;Bacilli;Lactobacillales;Streptococcaceae;Streptococcus;Streptococcus sanguinis,NA,Streptococcus sanguinis
d486760d6f805ff543544452ff88b539,AJ131117.1.1502,427,100,Bacteria;Proteobacteria;Gammaproteobacteria;Xanthomonadales;Xanthomonadaceae;Stenotrophomonas;,Bacteria;Proteobacteria;Gammaproteobacteria;Xanthomonadales;Xanthomonadaceae;Stenotrophomonas;Stenotrophomonas maltophilia,Stenotrophomonas,Stenotrophomonas maltophilia
d6403e5b4389d1c8f2e1c218c0a59134,KP944173.1.1469,427,100,NA,Bacteria;Firmicutes;Negativicutes;Veillonellales-Selenomonadales;Veillonellaceae;Veillonella;Veillonella parvula,NA,Veillonella parvula
13785f0aa34992209c67c3caeebbd429,AB006127.1.1290,427,100,NA,Bacteria;Firmicutes;Bacilli;Lactobacillales;Streptococcaceae;Streptococcus;Streptococcus parasanguinis,NA,Streptococcus parasanguinis
957025b644dde8994b93f6bd770f9cdf,FMJJ01000012.131284.134557,427,100,Archaea;NA;NA;NA;NA;NA;,Bacteria;Firmicutes;Bacilli;Bacillales;Bacillaceae;Bacillus;Bacillus cereus,NA,Bacillus cereus
08da112ac6e078b7a060e724a42670f0,FMJJ01000012.131284.134557,427,100,Archaea;NA;NA;NA;NA;NA;,Bacteria;Firmicutes;Bacilli;Bacillales;Bacillaceae;Bacillus;Bacillus cereus,NA,Bacillus cereus
8a13cd8971ee62f7ea77c9bcb8c711bd,FMJJ01000012.131284.134557,409,100,Bacteria;Patescibacteria;Parcubacteria;NA;NA;NA;,Bacteria;Firmicutes;Bacilli;Bacillales;Bacillaceae;Bacillus;Bacillus cereus,NA,Bacillus cereus
a6fac8a122212d726b3d131f714c55d9,FMJJ01000012.131284.134557,409,100,Bacteria;Patescibacteria;Parcubacteria;NA;NA;NA;,Bacteria;Firmicutes;Bacilli;Bacillales;Bacillaceae;Bacillus;Bacillus cereus,NA,Bacillus cereus
0d8f3482f2d63dc580302d366a664432,FMJJ01000012.131284.134557,430,100,Archaea;NA;NA;NA;NA;NA;,Bacteria;Firmicutes;Bacilli;Bacillales;Bacillaceae;Bacillus;Bacillus cereus,NA,Bacillus cereus
59aee7fec9fb49f6494bd2143f644a7f,FMJJ01000012.131284.134557,427,100,Archaea;NA;NA;NA;NA;NA;,Bacteria;Firmicutes;Bacilli;Bacillales;Bacillaceae;Bacillus;Bacillus cereus,NA,Bacillus cereus
dfe08553bbe9711fba81091894ef23b4,FMJJ01000012.131284.134557,405,100,Bacteria;Patescibacteria;NA;NA;NA;NA;,Bacteria;Firmicutes;Bacilli;Bacillales;Bacillaceae;Bacillus;Bacillus cereus,NA,Bacillus cereus
3638f2062c305c79df283ef573a10b97,FR873796.1.1444,427,100,NA,Bacteria;Proteobacteria;Gammaproteobacteria;Burkholderiales;Burkholderiaceae;Ralstonia;Ralstonia pickettii,NA,Ralstonia pickettii
adaee256a34ff7012e77d1a26d82b874,AY546095.1.1449,407,100,NA,Bacteria;Actinobacteriota;Actinobacteria;Micrococcales;Micrococcaceae;Rothia;Rothia dentocariosa,NA,Rothia dentocariosa
318669d5d926e9b81ca6911da00a14ea,JN244676.1.1324,402,100,Bacteria;Firmicutes;Clostridia;Clostridiales;Clostridiaceae;Clostridium_sensu_stricto_1;,Bacteria;Firmicutes;Clostridia;Clostridiales;Clostridiaceae;Clostridium sensu stricto 1;Clostridium beijerinckii,NA,Clostridium beijerinckii
c99fb39793fed85c217b9bb2747ea01b,FMJJ01000012.131284.134557,411,100,Bacteria;Patescibacteria;Parcubacteria;Paceibacterales;Paceibacteraceae;Candidatus_Paceibacter;,Bacteria;Firmicutes;Bacilli;Bacillales;Bacillaceae;Bacillus;Bacillus cereus,NA,Bacillus cereus
434281aafe94ad066ae64703fb111028,FMJJ01000012.131284.134557,409,100,Bacteria;Patescibacteria;Parcubacteria;NA;NA;NA;,Bacteria;Firmicutes;Bacilli;Bacillales;Bacillaceae;Bacillus;Bacillus cereus,NA,Bacillus cereus
de35149d1f41416704c8697dd7a1512c,AE017355.297075.298584,428,100,Bacteria;Firmicutes;Bacilli;Bacillales;Bacillaceae;Bacillus;,Bacteria;Firmicutes;Bacilli;Bacillales;Bacillaceae;Bacillus;[Bacillus thuringiensis] serovar konkukian str. 97-27,Bacillus,[Bacillus thuringiensis] serovar konkukian str. 97-27
b2954893f4b8b612dc7292ace73d0bae,FMJJ01000012.131284.134557,404,100,Bacteria;Patescibacteria;Parcubacteria;32-520;NA;NA;,Bacteria;Firmicutes;Bacilli;Bacillales;Bacillaceae;Bacillus;Bacillus cereus,NA,Bacillus cereus
ecb673730bd16fd31a18d45ac9155144,FMJJ01000012.131284.134557,411,100,Bacteria;Patescibacteria;Parcubacteria;Paceibacterales;Paceibacteraceae;Candidatus_Paceibacter;,Bacteria;Firmicutes;Bacilli;Bacillales;Bacillaceae;Bacillus;Bacillus cereus,NA,Bacillus cereus
843dcbb03134642c880d843a9dc1b1e2,FMJJ01000012.131284.134557,403,100,Bacteria;Patescibacteria;Parcubacteria;GWB1-42-6;NA;NA;,Bacteria;Firmicutes;Bacilli;Bacillales;Bacillaceae;Bacillus;Bacillus cereus,NA,Bacillus cereus
8c4dc6f4240a3b91331edeb217c89981,FMJJ01000012.131284.134557,408,100,Bacteria;Patescibacteria;Parcubacteria;NA;NA;NA;,Bacteria;Firmicutes;Bacilli;Bacillales;Bacillaceae;Bacillus;Bacillus cereus,NA,Bacillus cereus
496178f5718992f3bece3d6b08f821b8,FMJJ01000012.131284.134557,403,100,Bacteria;Patescibacteria;Gracilibacteria;Absconditabacteriales_(SR1);NA;NA;,Bacteria;Firmicutes;Bacilli;Bacillales;Bacillaceae;Bacillus;Bacillus cereus,NA,Bacillus cereus
7c4dae3e4f8a84172b061cf70685a408,FMJJ01000012.131284.134557,416,100,Bacteria;Proteobacteria;NA;NA;NA;NA;,Bacteria;Firmicutes;Bacilli;Bacillales;Bacillaceae;Bacillus;Bacillus cereus,NA,Bacillus cereus
90f0c3ecf764dde04f7b4f431a27638a,LC085339.1.1237,427,100,NA,Bacteria;Proteobacteria;Gammaproteobacteria;Pseudomonadales;Pseudomonadaceae;Pseudomonas;Pseudomonas stutzeri,NA,Pseudomonas stutzeri
e151e0a4bd98712e423de5a2607851b0,EU438845.1.1327,427,100,Bacteria;Proteobacteria;Gammaproteobacteria;Pseudomonadales;Pseudomonadaceae;Pseudomonas;,Bacteria;Proteobacteria;Gammaproteobacteria;Pseudomonadales;Pseudomonadaceae;Pseudomonas;Pseudomonas putida,Pseudomonas,Pseudomonas putida
5b599be724e69b799572618d657d636c,LT627092.1.1700,427,100,Bacteria;Proteobacteria;Gammaproteobacteria;Pseudomonadales;Pseudomonadaceae;Pseudomonas;,Bacteria;Proteobacteria;Gammaproteobacteria;Pseudomonadales;Pseudomonadaceae;Pseudomonas;Pseudomonas mandelii,Pseudomonas,Pseudomonas mandelii
7ba72a8f6f80fd45920efa8ea047753a,AB680229.1.1476,427,100,Bacteria;Firmicutes;Bacilli;Bacillales;Bacillaceae;Bacillus;,Bacteria;Firmicutes;Bacilli;Bacillales;Bacillaceae;Bacillus;Bacillus megaterium,Bacillus,Bacillus megaterium
42997c1743f8b32daab0b9720a8e12f9,KY963440.1.1285,427,100,Bacteria;Proteobacteria;Gammaproteobacteria;Alteromonadales;Shewanellaceae;Shewanella;,Bacteria;Proteobacteria;Gammaproteobacteria;Enterobacterales;Shewanellaceae;Shewanella;Shewanella baltica,Shewanella,Shewanella baltica
add7f5d621120b854b4f1ab2f611089e,CP002122.369973.371450,422,100,NA,Bacteria;Bacteroidota;Bacteroidia;Bacteroidales;Prevotellaceae;Prevotella_7;Prevotella melaninogenica ATCC 25845,NA,Prevotella melaninogenica ATCC 25845
4e80df78d93fb035e0ad09562b6b9d85,AJ000214.1.1531,427,100,Bacteria;Proteobacteria;Gammaproteobacteria;Alteromonadales;Shewanellaceae;Shewanella;,Bacteria;Proteobacteria;Gammaproteobacteria;Enterobacterales;Shewanellaceae;Shewanella;Shewanella baltica,Shewanella,Shewanella baltica
c1101d040620ccf6f1946eddd9a12e00,EF632939.1.1535,427,100,Bacteria;Proteobacteria;Gammaproteobacteria;Burkholderiales;Rhodocyclaceae;Candidatus_Accumulibacter;,Bacteria;Proteobacteria;Gammaproteobacteria;Burkholderiales;Rhodocyclaceae;Candidatus Accumulibacter;uncultured bacterium,NA,uncultured bacterium
499589334ea68a58a78c26cb2d946821,CP000563.266577.268113,427,100,Bacteria;Proteobacteria;Gammaproteobacteria;Alteromonadales;Shewanellaceae;Shewanella;,Bacteria;Proteobacteria;Gammaproteobacteria;Enterobacterales;Shewanellaceae;Shewanella;Shewanella baltica OS155,Shewanella,Shewanella baltica OS155
d9197caa6ec60ad8b3acd0fc6e1bf6e3,FMJJ01000012.131284.134557,428,100,Archaea;NA;NA;NA;NA;NA;,Bacteria;Firmicutes;Bacilli;Bacillales;Bacillaceae;Bacillus;Bacillus cereus,NA,Bacillus cereus
9104c4b42757f253f35768d341c2a32b,AJ233435.1.1508,427,100,Bacteria;Proteobacteria;Gammaproteobacteria;Enterobacterales;Yersiniaceae;Serratia;,Bacteria;Proteobacteria;Gammaproteobacteria;Enterobacterales;Yersiniaceae;Serratia;Serratia proteamaculans,Serratia,Serratia proteamaculans
c33d6f34729b4388992daba22ff22edc,AY281090.1.1428,427,100,NA,Bacteria;Firmicutes;Bacilli;Lactobacillales;Streptococcaceae;Streptococcus;Streptococcus cristatus,NA,Streptococcus cristatus
a4cd6152db4ba6371bd3d35fcda62a19,KU324914.1.1231,427,100,NA,Bacteria;Firmicutes;Bacilli;Lactobacillales;Streptococcaceae;Streptococcus;Streptococcus salivarius subsp. thermophilus,NA,Streptococcus salivarius subsp. thermophilus
052ba7abaeaa968c4f79e3f97d1f0a2f,LC099978.1.1200,427,100,Bacteria;Proteobacteria;Gammaproteobacteria;Pseudomonadales;Pseudomonadaceae;Pseudomonas;,Bacteria;Proteobacteria;Gammaproteobacteria;Pseudomonadales;Pseudomonadaceae;Pseudomonas;Pseudomonas aeruginosa,Pseudomonas,Pseudomonas aeruginosa
18eb929cf9350e0af65cf863c2786858,AY362908.1.1362,427,100,NA,Bacteria;Proteobacteria;Gammaproteobacteria;Enterobacterales;Pasteurellaceae;Haemophilus;Haemophilus parainfluenzae ATCC 33392,NA,Haemophilus parainfluenzae ATCC 33392
6e7317c14238561fe5865674e3a3206d,AY281078.1.1430,427,100,NA,Bacteria;Firmicutes;Bacilli;Lactobacillales;Streptococcaceae;Streptococcus;Streptococcus mitis,NA,Streptococcus mitis
51a6285eda821d0081935019356d3fee,AJ234041.1.1397,420,100,NA,Bacteria;Actinobacteriota;Actinobacteria;Actinomycetales;Actinomycetaceae;Actinomyces;Schaalia odontolytica,NA,Schaalia odontolytica
4f359f019c5e22e6bd5bb03534b84411,AB016428.1.1451,427,100,Bacteria;Proteobacteria;Gammaproteobacteria;Pseudomonadales;Pseudomonadaceae;Pseudomonas;,Bacteria;Proteobacteria;Gammaproteobacteria;Pseudomonadales;Pseudomonadaceae;Pseudomonas;Pseudomonas putida,Pseudomonas,Pseudomonas putida
9e22599af19283811a2d68e84879efe3,MH144323.1.1496,427,100,Bacteria;Proteobacteria;Gammaproteobacteria;Pseudomonadales;Pseudomonadaceae;Pseudomonas;,Bacteria;Proteobacteria;Gammaproteobacteria;Pseudomonadales;Pseudomonadaceae;Pseudomonas;Pseudomonas frederiksbergensis,Pseudomonas,Pseudomonas frederiksbergensis
1a92722547b385dfa1b0b2df156a2bd2,HM190227.1.1442,427,100,Bacteria;Proteobacteria;Gammaproteobacteria;Pseudomonadales;Pseudomonadaceae;Pseudomonas;,Bacteria;Proteobacteria;Gammaproteobacteria;Pseudomonadales;Pseudomonadaceae;Pseudomonas;Pseudomonas tolaasii,Pseudomonas,Pseudomonas tolaasii
4ba488fe6cd44569c6227acc4610ad8c,KU647197.1.1446,427,100,Bacteria;Proteobacteria;Gammaproteobacteria;Pseudomonadales;Pseudomonadaceae;Pseudomonas;,Bacteria;Proteobacteria;Gammaproteobacteria;Pseudomonadales;Pseudomonadaceae;Pseudomonas;Pseudomonas frederiksbergensis,Pseudomonas,Pseudomonas frederiksbergensis
5311695b1caad97461726c83ba792bc1,FJ976592.1.1387,427,100,Bacteria;Proteobacteria;Gammaproteobacteria;Enterobacterales;Enterobacteriaceae;NA;,Bacteria;Proteobacteria;Gammaproteobacteria;Enterobacterales;Enterobacteriaceae;Enterobacter;Klebsiella aerogenes,NA,Klebsiella aerogenes
99afea602eb398fa3c9a3f2476472a42,KX814448.1.1380,407,100,Bacteria;Actinobacteriota;Actinobacteria;Corynebacteriales;Nocardiaceae;Rhodococcus;,Bacteria;Actinobacteriota;Actinobacteria;Corynebacteriales;Nocardiaceae;Rhodococcus;Rhodococcus erythropolis,Rhodococcus,Rhodococcus erythropolis
c94478f6fc1a41cd2a09a128adb36230,EF565154.1.1531,427,100,Bacteria;Proteobacteria;Gammaproteobacteria;Burkholderiales;Rhodocyclaceae;NA;,Bacteria;Proteobacteria;Gammaproteobacteria;Burkholderiales;Rhodocyclaceae;Candidatus Accumulibacter;uncultured bacterium,NA,uncultured bacterium
cb44e2e86e22ced16cd4b21acb59f488,FMJJ01000012.131284.134557,411,100,Bacteria;Patescibacteria;Parcubacteria;Paceibacterales;Paceibacteraceae;Candidatus_Paceibacter;,Bacteria;Firmicutes;Bacilli;Bacillales;Bacillaceae;Bacillus;Bacillus cereus,NA,Bacillus cereus
2ceac5c797d4a34e9472539423f36710,EF154275.1.1417,427,100,Bacteria;Proteobacteria;Gammaproteobacteria;Pseudomonadales;Pseudomonadaceae;Pseudomonas;,Bacteria;Proteobacteria;Gammaproteobacteria;Pseudomonadales;Pseudomonadaceae;Pseudomonas;Pseudomonas putida,Pseudomonas,Pseudomonas putida
fffd4f5b0a950331549da5b598dc5879,JX113241.1.1429,427,100,Bacteria;Proteobacteria;Gammaproteobacteria;Pseudomonadales;Pseudomonadaceae;Pseudomonas;,Bacteria;Proteobacteria;Gammaproteobacteria;Pseudomonadales;Pseudomonadaceae;Pseudomonas;Pseudomonas rhizosphaerae,Pseudomonas,Pseudomonas rhizosphaerae
8b6d0623814cc32595951876bc568900,CPXZ01000006.259461.260931,427,100,Bacteria;Proteobacteria;Gammaproteobacteria;Enterobacterales;Yersiniaceae;Yersinia;,Bacteria;Proteobacteria;Gammaproteobacteria;Enterobacterales;Yersiniaceae;Yersinia;Yersinia kristensenii,Yersinia,Yersinia kristensenii
683dcc2ea6d7c62099407c8c74cf7b6c,FMJJ01000012.131284.134557,410,100,Bacteria;Patescibacteria;Parcubacteria;NA;NA;NA;,Bacteria;Firmicutes;Bacilli;Bacillales;Bacillaceae;Bacillus;Bacillus cereus,NA,Bacillus cereus
e1efa9b254344c0175d1a4eaef3fbf26,FMJJ01000012.131284.134557,410,100,Bacteria;Patescibacteria;Parcubacteria;NA;NA;NA;,Bacteria;Firmicutes;Bacilli;Bacillales;Bacillaceae;Bacillus;Bacillus cereus,NA,Bacillus cereus
b17c52e6c1beb81d229e962ee98f066f,FMJJ01000012.131284.134557,409,100,Bacteria;Patescibacteria;Parcubacteria;NA;NA;NA;,Bacteria;Firmicutes;Bacilli;Bacillales;Bacillaceae;Bacillus;Bacillus cereus,NA,Bacillus cereus
dd7078578170ac1a3dfa2aff5ce41f40,FMJJ01000012.131284.134557,409,100,Bacteria;Patescibacteria;Parcubacteria;NA;NA;NA;,Bacteria;Firmicutes;Bacilli;Bacillales;Bacillaceae;Bacillus;Bacillus cereus,NA,Bacillus cereus
6ad0e23040ae184c6152d97f67a2ca65,FMJJ01000012.131284.134557,400,100,Bacteria;Proteobacteria;NA;NA;NA;NA;,Bacteria;Firmicutes;Bacilli;Bacillales;Bacillaceae;Bacillus;Bacillus cereus,NA,Bacillus cereus
fbb9aabd066b22424860a246513a27f2,FMJJ01000012.131284.134557,417,100,Bacteria;Proteobacteria;NA;NA;NA;NA;,Bacteria;Firmicutes;Bacilli;Bacillales;Bacillaceae;Bacillus;Bacillus cereus,NA,Bacillus cereus
6f5c363897b23cf3a4e8190b111c369d,FMJJ01000012.131284.134557,411,100,Bacteria;Patescibacteria;Parcubacteria;Paceibacterales;Paceibacteraceae;Candidatus_Paceibacter;,Bacteria;Firmicutes;Bacilli;Bacillales;Bacillaceae;Bacillus;Bacillus cereus,NA,Bacillus cereus
d987ea00be2d0b7202a3e30053ea4a8f,KC122696.1.1416,427,100,NA,Bacteria;Proteobacteria;Gammaproteobacteria;Pseudomonadales;Pseudomonadaceae;Pseudomonas;Pseudomonas mendocina,NA,Pseudomonas mendocina
636421f7932b8ba53b4a5010bb0a28b0,KF436943.1.1454,427,100,NA,Bacteria;Proteobacteria;Gammaproteobacteria;Pseudomonadales;Pseudomonadaceae;Pseudomonas;Pseudomonas oleovorans,NA,Pseudomonas oleovorans
b4270414d4ff342dbf992ab97c49804d,JX867752.1.1444,427,100,Bacteria;Proteobacteria;Gammaproteobacteria;Pseudomonadales;Pseudomonadaceae;Pseudomonas;,Bacteria;Proteobacteria;Gammaproteobacteria;Pseudomonadales;Pseudomonadaceae;Pseudomonas;Pseudomonas lundensis,Pseudomonas,Pseudomonas lundensis
bb48d4fe6403e7ecb4bc406617649cd8,Y16329.1.1539,427,100,NA,Bacteria;Firmicutes;Bacilli;Lactobacillales;Lactobacillaceae;Lactobacillus;Lactobacillus iners,NA,Lactobacillus iners
ce6ca56f80d5857e1c95e72b64d4086c,KP318062.1.1295,427,100,Bacteria;Proteobacteria;Gammaproteobacteria;Xanthomonadales;Xanthomonadaceae;Stenotrophomonas;,Bacteria;Proteobacteria;Gammaproteobacteria;Xanthomonadales;Xanthomonadaceae;Stenotrophomonas;Stenotrophomonas rhizophila,Stenotrophomonas,Stenotrophomonas rhizophila
24522f7485582e07564aed7c426af59d,AY995770.1.1498,427,100,NA,Bacteria;Firmicutes;Negativicutes;Veillonellales-Selenomonadales;Veillonellaceae;Veillonella;Veillonella dispar,NA,Veillonella dispar
fb3a1838e4556844efebeb418e436360,JN787192.1.1404,427,100,NA,Bacteria;Firmicutes;Bacilli;Lactobacillales;Streptococcaceae;Streptococcus;Streptococcus anginosus,NA,Streptococcus anginosus
c5ccea21b43ffc03a1ab4d769be69f09,AB547674.1.1479,422,100,NA,Bacteria;Bacteroidota;Bacteroidia;Bacteroidales;Prevotellaceae;Prevotella;Prevotella bivia,NA,Prevotella bivia
a5b69f125c8e15c8b470bd65ffa241c1,AJ312375.1.1456,427,100,NA,Bacteria;Firmicutes;Bacilli;Lactobacillales;Carnobacteriaceae;Granulicatella;Granulicatella adiacens,NA,Granulicatella adiacens
090ca2f93cd06261fbdf11f905df0717,AB547683.1.1480,422,100,NA,Bacteria;Bacteroidota;Bacteroidia;Bacteroidales;Prevotellaceae;Prevotella;Prevotella disiens,NA,Prevotella disiens
e9e2a7f614f0a4cd07841680ece40325,CP001111.4511452.4512991,427,100,NA,Bacteria;Proteobacteria;Gammaproteobacteria;Xanthomonadales;Xanthomonadaceae;Stenotrophomonas;Stenotrophomonas maltophilia R551-3,NA,Stenotrophomonas maltophilia R551-3
ae80ee1968a868df26cebfe372f0612d,JX861483.1.1457,427,100,NA,Bacteria;Firmicutes;Bacilli;Lactobacillales;Streptococcaceae;Streptococcus;Streptococcus rubneri,NA,Streptococcus rubneri
801e1f90ad7bbcc4f5045f392150eda0,GU201850.1.1455,427,100,Bacteria;Proteobacteria;Gammaproteobacteria;Enterobacterales;Yersiniaceae;Serratia;,Bacteria;Proteobacteria;Gammaproteobacteria;Enterobacterales;Yersiniaceae;Serratia;Serratia plymuthica,Serratia,Serratia plymuthica
9d904179014c3578dae9d1e9d82407b1,CP024749.1345148.1346706,405,100,NA,Bacteria;Fusobacteriota;Fusobacteriia;Fusobacteriales;Fusobacteriaceae;Fusobacterium;Fusobacterium nucleatum subsp. vincentii,NA,Fusobacterium nucleatum subsp. vincentii
d2056d7ce9b69aef41f72d361c733f7b,CP024705.1387353.1388894,405,100,NA,Bacteria;Fusobacteriota;Fusobacteriia;Fusobacteriales;Fusobacteriaceae;Fusobacterium;Fusobacterium periodonticum,NA,Fusobacterium periodonticum
71fd06bf8c25e42ed875df9c9ed704f7,EU434448.1.1327,402,100,NA,Bacteria;Proteobacteria;Alphaproteobacteria;Caulobacterales;Caulobacteraceae;Brevundimonas;Brevundimonas diminuta,NA,Brevundimonas diminuta
8b85c8d32f46dfbafdb1004eed3530ce,CP022550.335672.337226,427,100,Bacteria;Proteobacteria;Gammaproteobacteria;Aeromonadales;Aeromonadaceae;Aeromonas;,Bacteria;Proteobacteria;Gammaproteobacteria;Enterobacterales;Aeromonadaceae;Aeromonas;Aeromonas salmonicida,Aeromonas,Aeromonas salmonicida
dd68c7b3d6b665f362d388f2f1be6663,AF016390.1.1538,427,100,NA,Bacteria;Firmicutes;Bacilli;Lactobacillales;Carnobacteriaceae;Granulicatella;Granulicatella elegans,NA,Granulicatella elegans
27272fabb7659e7b851c87d0977cf17e,AB022921.1.1445,427,100,NA,Bacteria;Firmicutes;Bacilli;Lactobacillales;Lactobacillaceae;Leuconostoc;Leuconostoc gelidum,NA,Leuconostoc gelidum
e0d1e3fa2e10e95e235a220259e73b2c,CP019721.703982.705525,427,100,NA,Bacteria;Firmicutes;Negativicutes;Veillonellales-Selenomonadales;Veillonellaceae;Veillonella;Veillonella parvula,NA,Veillonella parvula
7af00553e37e4d72ae3a5e2196d9085d,CP002589.319175.320649,422,100,NA,Bacteria;Bacteroidota;Bacteroidia;Bacteroidales;Prevotellaceae;Prevotella_7;Prevotella denticola F0289,NA,Prevotella denticola F0289
e7817d32c1af117adfc25db06863028b,FMJJ01000012.131284.134557,411,100,Bacteria;Patescibacteria;Parcubacteria;Paceibacterales;Paceibacteraceae;Candidatus_Paceibacter;,Bacteria;Firmicutes;Bacilli;Bacillales;Bacillaceae;Bacillus;Bacillus cereus,NA,Bacillus cereus
9cce6aabbfd925399bf1111383f9d0a5,EU730929.1.1445,428,100,NA,Bacteria;Proteobacteria;Gammaproteobacteria;Pseudomonadales;Moraxellaceae;Acinetobacter;Acinetobacter johnsonii,NA,Acinetobacter johnsonii
fa096e9480edd86e110784141a56ce30,D38483.1.1413,427,100,NA,Bacteria;Firmicutes;Bacilli;Lactobacillales;Streptococcaceae;Streptococcus;Streptococcus gordonii,NA,Streptococcus gordonii
f119617098174a90be4e7084827fce06,JX224782.1.1496,427,100,Bacteria;Proteobacteria;Gammaproteobacteria;Burkholderiales;Comamonadaceae;Hydrogenophaga;,Bacteria;Proteobacteria;Gammaproteobacteria;Burkholderiales;Comamonadaceae;Candidatus Symbiobacter;uncultured bacterium,NA,uncultured bacterium
ee980366811f5c1fdbbc5160a4dbf737,FMJJ01000012.131284.134557,409,100,Bacteria;Patescibacteria;Parcubacteria;NA;NA;NA;,Bacteria;Firmicutes;Bacilli;Bacillales;Bacillaceae;Bacillus;Bacillus cereus,NA,Bacillus cereus
b9128e5ebef74c03fad1e111e51555ac,FMJJ01000012.131284.134557,417,100,Archaea;NA;NA;NA;NA;NA;,Bacteria;Firmicutes;Bacilli;Bacillales;Bacillaceae;Bacillus;Bacillus cereus,NA,Bacillus cereus
3be7578d71463ebdcd9f17bed2dc995c,FMJJ01000012.131284.134557,411,100,Bacteria;Patescibacteria;Parcubacteria;Candidatus_Nealsonbacteria;NA;NA;,Bacteria;Firmicutes;Bacilli;Bacillales;Bacillaceae;Bacillus;Bacillus cereus,NA,Bacillus cereus
5801a95fc5fe3d08e93faf8400f3f405,FMJJ01000012.131284.134557,407,100,Bacteria;Patescibacteria;Parcubacteria;Candidatus_Zambryskibacteria;NA;NA;,Bacteria;Firmicutes;Bacilli;Bacillales;Bacillaceae;Bacillus;Bacillus cereus,NA,Bacillus cereus
6e6b0fe318cb28a69dd83db85207f2d8,CP024477.5546498.5548013,427,100,Bacteria;Proteobacteria;Gammaproteobacteria;Pseudomonadales;Pseudomonadaceae;Pseudomonas;,Bacteria;Proteobacteria;Gammaproteobacteria;Pseudomonadales;Pseudomonadaceae;Pseudomonas;Pseudomonas aeruginosa,Pseudomonas,Pseudomonas aeruginosa
cd3909b22b87684aafd93fcb66630f52,MF521555.1.1439,428,100,Bacteria;Proteobacteria;Gammaproteobacteria;Pseudomonadales;Moraxellaceae;Acinetobacter;,Bacteria;Proteobacteria;Gammaproteobacteria;Pseudomonadales;Moraxellaceae;Acinetobacter;Acinetobacter guillouiae,Acinetobacter,Acinetobacter guillouiae
f91087040dbc65ffe7d038920443fc56,AJ275038.1.1439,428,100,NA,Bacteria;Proteobacteria;Gammaproteobacteria;Pseudomonadales;Moraxellaceae;Acinetobacter;Acinetobacter ursingii,NA,Acinetobacter ursingii
948fc93b1d7271574b285ca0495f6147,LT629786.5175509.5177049,427,100,Bacteria;Proteobacteria;Gammaproteobacteria;Pseudomonadales;Pseudomonadaceae;Pseudomonas;,Bacteria;Proteobacteria;Gammaproteobacteria;Pseudomonadales;Pseudomonadaceae;Pseudomonas;Pseudomonas synxantha,Pseudomonas,Pseudomonas synxantha
e8165c825d679874a9c71c16408fbbfd,AJ306725.1.1428,427,100,Bacteria;Proteobacteria;Gammaproteobacteria;Enterobacterales;Yersiniaceae;Serratia;,Bacteria;Proteobacteria;Gammaproteobacteria;Enterobacterales;Yersiniaceae;Serratia;Serratia liquefaciens,Serratia,Serratia liquefaciens
a22679e53c11aba5867a14375e321a9a,KT580593.1.1399,427,100,Bacteria;Proteobacteria;Gammaproteobacteria;Xanthomonadales;Xanthomonadaceae;Stenotrophomonas;,Bacteria;Proteobacteria;Gammaproteobacteria;Xanthomonadales;Xanthomonadaceae;Stenotrophomonas;Stenotrophomonas maltophilia,Stenotrophomonas,Stenotrophomonas maltophilia
e7633f7cd02818be3e46bd6bae183eb2,JF501606.1.1434,427,100,Bacteria;Proteobacteria;Gammaproteobacteria;Enterobacterales;Enterobacteriaceae;NA;,Bacteria;Proteobacteria;Gammaproteobacteria;Enterobacterales;Enterobacteriaceae;Klebsiella;Klebsiella oxytoca,NA,Klebsiella oxytoca
8565809e8ec077cd71ded9633bde2870,ACSH02000003.434.1958,424,100,NA,Bacteria;Actinobacteriota;Actinobacteria;Corynebacteriales;Corynebacteriaceae;Corynebacterium;Corynebacterium matruchotii ATCC 14266,NA,Corynebacterium matruchotii ATCC 14266
b9d614025bf292dfb0db9f43d7357e14,AM232813.1.1422,422,100,Bacteria;Bacteroidota;Bacteroidia;Flavobacteriales;Weeksellaceae;Chryseobacterium;,Bacteria;Bacteroidota;Bacteroidia;Flavobacteriales;Weeksellaceae;Chryseobacterium;Chryseobacterium indologenes,Chryseobacterium,Chryseobacterium indologenes
49c3d040569c6a6613bb61294120585d,AJ249382.1.1503,427,100,Bacteria;Proteobacteria;Gammaproteobacteria;Pseudomonadales;Pseudomonadaceae;Pseudomonas;,Bacteria;Proteobacteria;Gammaproteobacteria;Pseudomonadales;Pseudomonadaceae;Pseudomonas;Pseudomonas frederiksbergensis,Pseudomonas,Pseudomonas frederiksbergensis
a33399eff25d227c31313b0fd89ca80a,CP000753.42383.43919,427,100,Bacteria;Proteobacteria;Gammaproteobacteria;Alteromonadales;Shewanellaceae;Shewanella;,Bacteria;Proteobacteria;Gammaproteobacteria;Enterobacterales;Shewanellaceae;Shewanella;Shewanella baltica OS185,Shewanella,Shewanella baltica OS185
8650b59ecf4d606049ad9f3e2f0580bb,U85902.1.1505,427,100,Bacteria;Proteobacteria;Gammaproteobacteria;Alteromonadales;Shewanellaceae;Shewanella;,Bacteria;Proteobacteria;Gammaproteobacteria;Enterobacterales;Shewanellaceae;Shewanella;Shewanella frigidimarina,Shewanella,Shewanella frigidimarina
235958fec8b5527cbce66a5a6059315e,CP028355.1828217.1829762,427,100,Bacteria;Proteobacteria;Gammaproteobacteria;Alteromonadales;Shewanellaceae;Shewanella;,Bacteria;Proteobacteria;Gammaproteobacteria;Enterobacterales;Shewanellaceae;Shewanella;Shewanella baltica,Shewanella,Shewanella baltica
b1dee0ca061324ff2365595876236f52,MF139035.1.1542,427,100,Bacteria;Proteobacteria;Gammaproteobacteria;Pseudomonadales;Pseudomonadaceae;Pseudomonas;,Bacteria;Proteobacteria;Gammaproteobacteria;Pseudomonadales;Pseudomonadaceae;Pseudomonas;Pseudomonas frederiksbergensis,Pseudomonas,Pseudomonas frederiksbergensis
a7bea5999b2f1d02010a6b88c8fbefb5,CP021971.4441681.4443233,427,100,Bacteria;Proteobacteria;Gammaproteobacteria;Enterobacterales;Hafniaceae;Hafnia-Obesumbacterium;,Bacteria;Proteobacteria;Gammaproteobacteria;Enterobacterales;Hafniaceae;Hafnia-Obesumbacterium;Hafnia alvei,Hafnia-Obesumbacterium,Hafnia alvei
9643259e2f71dd41bca40b412be648af,KC951278.1.1486,419,100,Bacteria;Actinobacteriota;Actinobacteria;Corynebacteriales;Mycobacteriaceae;Mycobacterium;,Bacteria;Actinobacteriota;Actinobacteria;Corynebacteriales;Mycobacteriaceae;Mycobacterium;Mycobacterium szulgai,Mycobacterium,Mycobacterium szulgai
2dfef869569854cdb00dda187c8561d8,FR720605.1.1424,402,100,Bacteria;Acidobacteriota;Acidobacteriae;Acidobacteriales;Koribacteraceae;Candidatus_Koribacter;,Bacteria;Acidobacteriota;Acidobacteriae;Acidobacteriales;Koribacteraceae;Candidatus Koribacter;uncultured bacterium,NA,uncultured bacterium
b5d69c52acf2330be814a15bd807ad9f,KJ191828.1.1462,402,100,Bacteria;Acidobacteriota;Acidobacteriae;Acidobacteriales;Koribacteraceae;Candidatus_Koribacter;,Bacteria;Acidobacteriota;Acidobacteriae;Acidobacteriales;Koribacteraceae;Candidatus Koribacter;uncultured Acidobacteria bacterium,NA,uncultured Acidobacteria bacterium
4eb8271796f3937eb178ad5a91478cc1,FJ592535.1.1397,427,100,Bacteria;Proteobacteria;Gammaproteobacteria;Burkholderiales;Rhodocyclaceae;NA;,Bacteria;Proteobacteria;Gammaproteobacteria;Burkholderiales;Rhodocyclaceae;Candidatus Accumulibacter;uncultured bacterium,NA,uncultured bacterium
b8310402149b61f1f97b03e9107a2db6,AF129443.1.1436,427,100,Bacteria;Proteobacteria;Gammaproteobacteria;Enterobacterales;Enterobacteriaceae;Raoultella;,Bacteria;Proteobacteria;Gammaproteobacteria;Enterobacterales;Enterobacteriaceae;Raoultella;Raoultella planticola,Raoultella,Raoultella planticola
538bad09fb0def35fad1a45c954ac478,FMJJ01000012.131284.134557,409,100,Bacteria;Patescibacteria;Parcubacteria;NA;NA;NA;,Bacteria;Firmicutes;Bacilli;Bacillales;Bacillaceae;Bacillus;Bacillus cereus,NA,Bacillus cereus
258888d59976d9f8e12b0e5bb78be7ee,HM640281.1.1433,427,100,Bacteria;Proteobacteria;Gammaproteobacteria;Pseudomonadales;Pseudomonadaceae;Pseudomonas;,Bacteria;Proteobacteria;Gammaproteobacteria;Pseudomonadales;Pseudomonadaceae;Pseudomonas;Pseudomonas poae,Pseudomonas,Pseudomonas poae
355125e51ae04d2b38da4e215527f59f,JX867753.1.1444,427,100,Bacteria;Proteobacteria;Gammaproteobacteria;Pseudomonadales;Pseudomonadaceae;Pseudomonas;,Bacteria;Proteobacteria;Gammaproteobacteria;Pseudomonadales;Pseudomonadaceae;Pseudomonas;Pseudomonas fragi,Pseudomonas,Pseudomonas fragi
5b417a0a0068c9b6e23752143b558bc4,KY963489.1.1270,427,100,Bacteria;Proteobacteria;Gammaproteobacteria;Pseudomonadales;Pseudomonadaceae;Pseudomonas;,Bacteria;Proteobacteria;Gammaproteobacteria;Pseudomonadales;Pseudomonadaceae;Pseudomonas;Pseudomonas fluorescens,Pseudomonas,Pseudomonas fluorescens
99b4b08d63c3459f7ad9f4a23395d664,MG196051.1.1227,427,100,Bacteria;Proteobacteria;Gammaproteobacteria;Enterobacterales;Enterobacteriaceae;Lelliottia;,Bacteria;Proteobacteria;Gammaproteobacteria;Enterobacterales;Enterobacteriaceae;Enterobacter;Lelliottia amnigena,NA,Lelliottia amnigena
b7939c5282f5a860f7f572f38e14477b,HQ202861.1.1416,412,100,NA,Bacteria;Actinobacteriota;Actinobacteria;Corynebacteriales;Corynebacteriaceae;Corynebacterium;Corynebacterium casei,NA,Corynebacterium casei
c41af3ba7aeabdb1886cf01eddb79139,EU931555.1.1428,402,100,Bacteria;Proteobacteria;Alphaproteobacteria;Sphingomonadales;Sphingomonadaceae;Sphingobium;,Bacteria;Proteobacteria;Alphaproteobacteria;Sphingomonadales;Sphingomonadaceae;Sphingobium;Sphingomonas paucimobilis,Sphingobium,Sphingomonas paucimobilis
f93b764d7ef2fc78c19f2d419cc3c5e5,FJ494895.1.1266,427,100,Bacteria;Proteobacteria;Gammaproteobacteria;Aeromonadales;Aeromonadaceae;Aeromonas;,Bacteria;Proteobacteria;Gammaproteobacteria;Enterobacterales;Aeromonadaceae;Aeromonas;Aeromonas hydrophila,Aeromonas,Aeromonas hydrophila
a7773d30c5a2009a19ba2df73fe658c1,KP339859.1.1411,427,100,Bacteria;Proteobacteria;Gammaproteobacteria;Enterobacterales;Enterobacteriaceae;NA;,Bacteria;Proteobacteria;Gammaproteobacteria;Enterobacterales;Enterobacteriaceae;Klebsiella;Klebsiella oxytoca,NA,Klebsiella oxytoca
0b015de4cd64900ca4c2e39049136f9e,MG755769.1.1243,427,100,Bacteria;Proteobacteria;Gammaproteobacteria;Pseudomonadales;Pseudomonadaceae;Pseudomonas;,Bacteria;Proteobacteria;Gammaproteobacteria;Pseudomonadales;Pseudomonadaceae;Pseudomonas;Pseudomonas moraviensis,Pseudomonas,Pseudomonas moraviensis
a6c0f44c18cc7f5a59e4e82ae8179862,CP003683.5535363.5536858,427,100,Bacteria;Proteobacteria;Gammaproteobacteria;Enterobacterales;Enterobacteriaceae;Enterobacter;,Bacteria;Proteobacteria;Gammaproteobacteria;Enterobacterales;Enterobacteriaceae;Klebsiella;Klebsiella michiganensis E718,NA,Klebsiella michiganensis E718
f694423330cc15310b4306d045a4c81e,CP021971.3672562.3674114,427,100,Bacteria;Proteobacteria;Gammaproteobacteria;Enterobacterales;Hafniaceae;Hafnia-Obesumbacterium;,Bacteria;Proteobacteria;Gammaproteobacteria;Enterobacterales;Hafniaceae;Hafnia-Obesumbacterium;Hafnia alvei,Hafnia-Obesumbacterium,Hafnia alvei
c773422b3dd3b7f057a6ec0d5fb93733,AB525415.1.1503,427,100,NA,Bacteria;Proteobacteria;Gammaproteobacteria;Burkholderiales;Neisseriaceae;Eikenella;Eikenella corrodens,NA,Eikenella corrodens
cdb9eed273840f23407c23d00b5274dc,FMJJ01000012.131284.134557,409,100,Bacteria;Patescibacteria;Parcubacteria;NA;NA;NA;,Bacteria;Firmicutes;Bacilli;Bacillales;Bacillaceae;Bacillus;Bacillus cereus,NA,Bacillus cereus
99c80d0f0a81d1758885df89f3e41590,FMJJ01000012.131284.134557,405,100,Bacteria;Patescibacteria;Parcubacteria;NA;NA;NA;,Bacteria;Firmicutes;Bacilli;Bacillales;Bacillaceae;Bacillus;Bacillus cereus,NA,Bacillus cereus
7bdebfb8ad44284acf9c2a45d9d10adc,FMJJ01000012.131284.134557,428,100,Archaea;NA;NA;NA;NA;NA;,Bacteria;Firmicutes;Bacilli;Bacillales;Bacillaceae;Bacillus;Bacillus cereus,NA,Bacillus cereus
908e9b387f6b9ce7d3f794e658fba37e,HG813242.1719151.1720625,427,100,NA,Bacteria;Firmicutes;Bacilli;Staphylococcales;Staphylococcaceae;Staphylococcus;Staphylococcus epidermidis PM221,NA,Staphylococcus epidermidis PM221
98c60003caac4798b6e9a0da3102d2dd,FJ823147.1.1444,427,100,NA,Bacteria;Firmicutes;Bacilli;Lactobacillales;Streptococcaceae;Streptococcus;Streptococcus pneumoniae,NA,Streptococcus pneumoniae
32ab1812bd3770f4b7f6aad7273783da,KC818611.1.1218,427,100,NA,Bacteria;Proteobacteria;Gammaproteobacteria;Enterobacterales;Enterobacteriaceae;Enterobacter;Enterobacter cloacae,NA,Enterobacter cloacae
06bfd6608071f821cad7a145527bf0cb,AM885869.1.1339,427,100,NA,Bacteria;Proteobacteria;Gammaproteobacteria;Enterobacterales;Alteromonadaceae;Alteromonas;Alteromonas macleodii,NA,Alteromonas macleodii
7e73f858296f6f9f953b1102675673f5,HQ009482.1.1450,407,100,NA,Bacteria;Actinobacteriota;Actinobacteria;Corynebacteriales;Mycobacteriaceae;Mycobacterium;Mycobacterium iranicum,NA,Mycobacterium iranicum
1e4362d69781aa086067ccde94e9c002,GQ402648.1.1424,402,100,Bacteria;Acidobacteriota;Acidobacteriae;Acidobacteriales;Koribacteraceae;Candidatus_Koribacter;,Bacteria;Acidobacteriota;Acidobacteriae;Acidobacteriales;Koribacteraceae;Candidatus Koribacter;uncultured bacterium,NA,uncultured bacterium
9c8fe4f590ed08b997a8ca49bb3bb647,X81930.1.1314,407,100,Bacteria;Actinobacteriota;Actinobacteria;Corynebacteriales;Nocardiaceae;Rhodococcus;,Bacteria;Actinobacteriota;Actinobacteria;Corynebacteriales;Nocardiaceae;Rhodococcus;Rhodococcus fascians,Rhodococcus,Rhodococcus fascians
1b88df61d88056c4e853d86ba5159776,JN566018.1.1365,407,100,Bacteria;Actinobacteriota;Actinobacteria;Streptomycetales;Streptomycetaceae;Streptomyces;,Bacteria;Actinobacteriota;Actinobacteria;Streptomycetales;Streptomycetaceae;Streptomyces;Streptomyces lydicus,Streptomyces,Streptomyces lydicus
b176ee84647232e19878cdf686e8b867,FMJJ01000012.131284.134557,404,100,Bacteria;Patescibacteria;Parcubacteria;GWB1-42-6;NA;NA;,Bacteria;Firmicutes;Bacilli;Bacillales;Bacillaceae;Bacillus;Bacillus cereus,NA,Bacillus cereus
0e5804bf76a2c3151e718eb25d076789,FMJJ01000012.131284.134557,408,100,Bacteria;Patescibacteria;Parcubacteria;NA;NA;NA;,Bacteria;Firmicutes;Bacilli;Bacillales;Bacillaceae;Bacillus;Bacillus cereus,NA,Bacillus cereus
60456a8693555959079ad312e4bd8a1a,FMJJ01000012.131284.134557,418,100,Bacteria;Patescibacteria;Parcubacteria;Candidatus_Nealsonbacteria;NA;NA;,Bacteria;Firmicutes;Bacilli;Bacillales;Bacillaceae;Bacillus;Bacillus cereus,NA,Bacillus cereus
d57cb2f36104cdf9796ab75b33cad94b,FMJJ01000012.131284.134557,407,100,Bacteria;Proteobacteria;NA;NA;NA;NA;,Bacteria;Firmicutes;Bacilli;Bacillales;Bacillaceae;Bacillus;Bacillus cereus,NA,Bacillus cereus
30f7cba6eb64747f90515f3dc5406dab,EU439425.1.1553,427,100,Bacteria;Proteobacteria;Gammaproteobacteria;Pseudomonadales;Pseudomonadaceae;Pseudomonas;,Bacteria;Proteobacteria;Gammaproteobacteria;Pseudomonadales;Pseudomonadaceae;Pseudomonas;Pseudomonas putida,Pseudomonas,Pseudomonas putida
294dc2d439936c868d3d039b1c2923cc,GU198102.1.1502,427,100,Bacteria;Proteobacteria;Gammaproteobacteria;Pseudomonadales;Pseudomonadaceae;Pseudomonas;,Bacteria;Proteobacteria;Gammaproteobacteria;Pseudomonadales;Pseudomonadaceae;Pseudomonas;Pseudomonas fluorescens,Pseudomonas,Pseudomonas fluorescens
72ba70297f3cb1f18ca4b6d6bd72b9c9,GQ870339.1.1298,427,100,Bacteria;Proteobacteria;Gammaproteobacteria;Pseudomonadales;Pseudomonadaceae;Pseudomonas;,Bacteria;Proteobacteria;Gammaproteobacteria;Pseudomonadales;Pseudomonadaceae;Pseudomonas;Pseudomonas cannabina,Pseudomonas,Pseudomonas cannabina
45f04c79798a5c1be4f30a5730cacb95,LT840186.976294.977659,402,100,Bacteria;Proteobacteria;Alphaproteobacteria;SAR11_clade;Clade_I;Clade_Ia;,Bacteria;Proteobacteria;Alphaproteobacteria;SAR11 clade;Clade I;Clade Ia;Candidatus Pelagibacter sp. HIMB1321,NA,Candidatus Pelagibacter sp. HIMB1321
