code,lake,trophic_level,taxa,S,SBTI,geometry
1,Lake Onoke,Supertrophic,uncultured Burkholderiales bacterium,1,5.367960125,"c(175.12114, -41.377447)"
11133,Lake Rotorua,Eutrophic,Microcystis aeruginosa,1,4.15395224551614,"c(176.2703, -38.0775)"
12830,Lake Harihari,Oligotrophic,"Clostridium puniceum, Afipia broomeae, Microcystis aeruginosa",3,2.97480232474536,"c(174.7215154, -38.2115581)"
12876,Lake Taharoa,Mesotrophic,"Aeromonas veronii bv. sobria, Aeromonas caviae, Aeromonas sobria, Clostridium puniceum, Aeromonas salmonicida, Aeromonas veronii, Aeromonas encheleia, Aeromonas hydrophila",8,3.20486200502639,"c(174.7388147, -38.1658535)"
13437,Lake William,Supertrophic,"Aeromonas veronii bv. sobria, Microcystis aeruginosa, Microcystis aeruginosa, Aeromonas salmonicida, uncultured Burkholderiales bacterium, Mycobacterium mucogenicum",6,5.36036546985922,"c(175.310019, -40.122512)"
13446,Lake Heaton,Supertrophic,"Microcystis aeruginosa, Clostridium puniceum, Afipia broomeae, Microcystis aeruginosa, Clostridium estertheticum subsp. laramiense",5,5.55274178016316,"c(175.2874406, -40.10708351)"
13447,Lake Dudding,Supertrophic,"Aeromonas veronii bv. sobria, Microcystis aeruginosa, Aeromonas sobria, Clostridium puniceum, Afipia broomeae, Microcystis aeruginosa, Aeromonas salmonicida, Clostridium estertheticum subsp. laramiense, uncultured Burkholderiales bacterium",9,5.22259156998822,"c(175.279, -40.1003)"
13456,Lake Alice,NA,Microcystis aeruginosa,1,NA,"c(175.332285, -40.134222)"
13466,Lake Katawich,Supertrophic,"Microcystis aeruginosa, uncultured Burkholderiales bacterium, Mycobacterium mucogenicum",3,5.02579411289496,"c(173.164791, -34.943127)"
13467,Lake Waiparera,Eutrophic,"Microcystis aeruginosa, Mycobacterium mucogenicum",2,4.66850881248978,"c(173.1832282, -34.94642884)"
13736,Lake Rotokotuku,Oligotrophic,"Serratia fonticola, Mycobacterium rhodesiae, Clostridium puniceum, Clostridium estertheticum subsp. laramiense, Bacillus megaterium",5,2.96165158584615,"c(175.2140534, -38.3671031)"
14071,Lake Tutaeinanga,Supertrophic,"Pseudomonas umsongensis, Microcystis aeruginosa, Microcystis aeruginosa, Clostridium estertheticum subsp. laramiense, uncultured Burkholderiales bacterium",5,5.07904377594287,"c(176.3223738, -38.3329351)"
14179,Lake Ngapouri,Eutrophic,"Microcystis aeruginosa, Clostridium puniceum, Mycobacterium chubuense, Pseudomonas putida, Stenotrophomonas maltophilia",5,4.98760996233259,"c(176.3359105, -38.3386535)"
14208,Lake Ngahewa,Eutrophic,"Microcystis aeruginosa, Clostridium puniceum, uncultured bacterium, Clostridium estertheticum subsp. laramiense",4,4.7727017706422,"c(176.3737858, -38.3152339)"
14290,Lake Okaro,Supertrophic,"uncultured Burkholderiales bacterium, Mycoplasma wenyonii",2,5.12090929670913,"c(176.3945234, -38.2989411)"
14405,Lake Mangahware,NA,Microcystis aeruginosa,1,NA,"c(175.2200466, -37.9336765)"
14407,Lake Ngarotoiti,Supertrophic,Microcystis aeruginosa,1,5.93675744756236,"c(175.2963695, -37.943362)"
14418,Lake Mangahia,Supertrophic,"Microcystis aeruginosa, Microcystis aeruginosa",2,5.16205953453016,"c(175.2281991, -37.8796137)"
14422,Lake Maratoto,NA,"Afipia broomeae, uncultured bacterium",2,NA,"c(175.3042675, -37.8874962)"
14426,Lake Serpentine North,Mesotrophic,"Afipia broomeae, Mycobacterium mucogenicum",2,3.87376643216331,"c(175.3189342, -37.94239999)"
14428,Lake Rotomanuka,Eutrophic,Microcystis aeruginosa,1,4.8464187919112804,"c(175.31575, -37.9258209)"
14720,Lake Te Ku Utu,Supertrophic,Clostridium puniceum,1,5.32544978053185,"c(175.4717045, -37.8891555)"
15007,Lake Koromatua,Supertrophic,"Microcystis aeruginosa, Microcystis aeruginosa",2,5.1638163876928,"c(175.223583, -37.837734)"
15013,Lake Rotokauri,Supertrophic,"Aeromonas veronii bv. sobria, Clostridium estertheticum subsp. laramiense, uncultured Burkholderiales bacterium",3,5.50145954665261,"c(175.1980409, -37.7644875)"
15020,Horseshoe Lake,NA,"Microcystis aeruginosa, Clostridium puniceum",2,NA,"c(175.2256059, -37.7703295)"
15022,Lake Rotoroa,Supertrophic,Microcystis aeruginosa,1,5.43406512724715,"c(175.2762498, -37.7994589)"
15034,Lake Areare,Eutrophic,"Microcystis aeruginosa, Microcystis aeruginosa",2,4.75114940167984,"c(175.199878, -37.667613)"
15037,Lake D,NA,"Aeromonas veronii bv. sobria, Microcystis aeruginosa, Microcystis aeruginosa, Aeromonas veronii",4,NA,"c(175.233185, -37.677593)"
15038,Lake B,NA,"Microcystis aeruginosa, Afipia broomeae",2,NA,"c(175.246648, -37.679193)"
15312,Lake Tikitapu,Oligotrophic,Acinetobacter lwoffii,1,2.79169122470342,"c(176.3310214, -38.1923753)"
15325,Lake Okareka,Eutrophic,"Shewanella putrefaciens, Clostridium estertheticum subsp. laramiense, Mycobacterium mucogenicum, Afipia birgiae",4,4.15381220546576,"c(176.3585567, -38.1719011)"
15795,Lake Kaikura,Eutrophic,"Pseudomonas umsongensis, Shewanella putrefaciens, Aeromonas salmonicida, uncultured Burkholderiales bacterium, Shewanella putrefaciens, Pseudomonas fluorescens",6,4.08343128994083,"c(174.4051, -39.7002)"
15904,Lake Oturi,Supertrophic,"Microcystis aeruginosa, Microcystis aeruginosa, uncultured Burkholderiales bacterium, Mycobacterium mucogenicum",4,5.08673458608206,"c(174.62177, -39.779)"
15907,Lake Waiau,Supertrophic,"Microcystis aeruginosa, Afipia broomeae, Microcystis aeruginosa, uncultured Burkholderiales bacterium, Mycobacterium mucogenicum",5,5.81505474969689,"c(174.6804, -39.7935)"
15929,Lake 15929,Supertrophic,uncultured Burkholderiales bacterium,1,5.32724259326159,"c(174.8164, -39.842)"
16131,Lake Moumahaki,Supertrophic,"Afipia broomeae, uncultured bacterium, uncultured Burkholderiales bacterium",3,5.13867447735887,"c(174.670536, -39.688181)"
16202,Lake 16202,Eutrophic,uncultured Burkholderiales bacterium,1,4.4396795693941,"c(174.801519, -39.672897)"
16222,Lake Waikare,Eutrophic,"Pseudomonas umsongensis, Afipia broomeae, uncultured bacterium, uncultured Burkholderiales bacterium, Pseudomonas fluorescens, Pseudomonas migulae, Pseudomonas fluorescens, Pseudomonas fluorescens, uncultured Burkholderiales bacterium, Stenotrophomonas rhizophila",10,4.5418501444795,"c(174.80594, -39.66914)"
16722,Lake Kawau,Supertrophic,"Pseudomonas umsongensis, Aeromonas sobria, Pseudomonas lundensis, Clostridium estertheticum subsp. laramiense, Pseudomonas migulae",5,5.63158828368686,"c(175.3504, -40.26205)"
16901,Lake Koitiata,Supertrophic,"Aeromonas veronii bv. sobria, Clostridium beijerinckii, Shewanella putrefaciens, uncultured Burkholderiales bacterium, Pseudomonas fluorescens, Shewanella putrefaciens",6,5.18907031156406,"c(175.196624, -40.11826)"
16939,Lake Waipu,Supertrophic,"Aeromonas veronii bv. sobria, Pseudomonas umsongensis, Microcystis aeruginosa, Clostridium puniceum, Afipia broomeae, Aeromonas salmonicida, Clostridium estertheticum subsp. laramiense, Aeromonas veronii, Pseudomonas migulae, Aeromonas encheleia, Aeromonas caviae",11,5.67230846379909,"c(175.1557, -40.045017)"
17286,Lake Oporoa,Supertrophic,"Microcystis aeruginosa, Clostridium puniceum",2,5.65684072217315,"c(175.867954, -39.751484)"
1744,Lake Rototawai,Supertrophic,"uncultured Rickettsiales bacterium, uncultured Burkholderiales bacterium, Aeromonas veronii, Serratia fonticola, Mycobacterium litorale",5,5.28428441797151,"c(175.345967, -41.2151)"
17761,Lake Wainui,Eutrophic,Aeromonas caviae,1,4.33900274991412,"c(173.8816115, -36.10130034)"
18717,Lake Ngakapua,Mesotrophic,uncultured Burkholderiales bacterium,1,3.8738344812099,"c(173.3499011, -35.15583959)"
18719,Lake Rotokawau (Aupouri),Mesotrophic,"Aeromonas caviae, Aeromonas sobria, Afipia broomeae, Aeromonas salmonicida, Pseudomonas putida, Aeromonas encheleia, Clostridium beijerinckii, Pseudomonas taetrolens, Mycoplasma wenyonii, Pseudomonas fluorescens",10,3.91866651412596,"c(173.20565, -35.01815)"
18933,Lake Pauri,Supertrophic,"Pseudomonas umsongensis, Pseudomonas granadensis, Pseudomonas umsongensis, Microcystis aeruginosa, Aeromonas sobria, Microcystis aeruginosa, Aeromonas salmonicida, Clostridium estertheticum subsp. laramiense, uncultured Burkholderiales bacterium, Aeromonas veronii, Pseudomonas migulae, Aeromonas encheleia, Pseudomonas fluorescens, Pseudomonas putida",14,5.4173200962963,"c(175.0976, -39.977567)"
18934,Lake Wiritoa,Supertrophic,"Aeromonas veronii bv. sobria, Microcystis aeruginosa, Aeromonas sobria, Afipia broomeae, Microcystis aeruginosa, Shewanella putrefaciens, Aeromonas salmonicida, Clostridium estertheticum subsp. laramiense, uncultured Burkholderiales bacterium, Aeromonas veronii, Mycobacterium mucogenicum, Shewanella putrefaciens, Aeromonas encheleia, Shewanella putrefaciens",14,5.40706818473025,"c(175.089083, -39.974633)"
18951,Lake Westmere,Supertrophic,"Microcystis aeruginosa, Microcystis aeruginosa",2,5.43209990493167,"c(174.9992, -39.8953)"
195,Lake Nganoke,Supertrophic,"Pseudomonas fluorescens, Pseudomonas umsongensis, Pseudomonas migulae, Pseudomonas granadensis, Pseudomonas umsongensis, Microcystis aeruginosa, Clostridium puniceum, Shewanella putrefaciens, uncultured bacterium, Aeromonas salmonicida, Aeromonas veronii, Mycobacterium mucogenicum, Pseudomonas fluorescens, Shewanella putrefaciens, Mycobacterium mucogenicum, Pseudomonas fluorescens, Pseudomonas migulae, Aeromonas encheleia, Pseudomonas mandelii, Pseudomonas fluorescens, Pseudomonas fluorescens, uncultured Burkholderiales bacterium, Janthinobacterium agaricidamnosum, Pseudomonas fluorescens, Pseudomonas fluorescens, Bacillus thuringiensis, Shewanella putrefaciens, Sphingomonas wittichii RW1, Pseudomonas marginalis pv. marginalis, Pseudomonas fluorescens",30,5.18412930572359,"c(175.18696, -41.3555)"
19575,Lake Waipara,Mesotrophic,"Pseudomonas umsongensis, Afipia broomeae, Shewanella putrefaciens, uncultured Burkholderiales bacterium, Shewanella putrefaciens, Mycobacterium litorale, Mycobacterium avium, Shewanella putrefaciens, Pseudomonas tolaasii",9,3.2070185273194,"c(172.8536833, -34.58615)"
21433,Lake Ngakeketo,Eutrophic,"Clostridium puniceum, Clostridium puniceum, Clostridium estertheticum subsp. laramiense",3,4.7251093855329,"c(172.7739775, -34.51811622)"
21434,Lake Wai Raupo,Eutrophic,"Clostridium beijerinckii, uncultured Burkholderiales bacterium",2,4.26316269770254,"c(172.7578431, -34.51566858)"
21450,Lake Te Ketekete,Eutrophic,"Clostridium puniceum, Clostridium puniceum, Aeromonas salmonicida, Clostridium estertheticum subsp. laramiense, uncultured Burkholderiales bacterium",5,4.62431494261603,"c(172.719112, -34.479392)"
21759,Lake Kapoai,Supertrophic,"Microcystis aeruginosa, Microcystis aeruginosa, Clostridium estertheticum subsp. laramiense, uncultured Burkholderiales bacterium",4,5.19106347012549,"c(173.8328, -36.0455)"
21871,Lake Tomarata,Eutrophic,"Microcystis aeruginosa, Afipia broomeae",2,4.40729105172071,"c(174.648753, -36.192437)"
21917,Lake Taharoa,Oligotrophic,Afipia broomeae,1,2.06509762423973,"c(173.6462167, -35.80788333)"
21918,Lake Kai-iwi,Oligotrophic,"Afipia broomeae, uncultured Burkholderiales bacterium, Mycobacterium mucogenicum, Mycobacterium mucogenicum, Pseudomonas fluorescens",5,2.51816588164507,"c(173.6538167, -35.81565)"
21926,Lake Waikare,Oligotrophic,"Microcystis aeruginosa, Afipia broomeae, uncultured Burkholderiales bacterium",3,2.66069617337278,"c(173.6303, -35.7986)"
229,Lake Pounui,Mesotrophic,"Pseudomonas umsongensis, Microcystis aeruginosa, uncultured bacterium, Clostridium estertheticum subsp. laramiense, Mycobacterium mucogenicum, Mycobacterium mucogenicum, Pseudomonas migulae",7,3.78242402090484,"c(175.115342, -41.344251)"
22999,Spectacle Lake,Supertrophic,"Aeromonas caviae, Microcystis aeruginosa, Afipia broomeae, Microcystis aeruginosa",4,5.77142698539778,"c(174.631217, -36.180537)"
23682,Lake Heather,Eutrophic,"Aeromonas sobria, Microcystis aeruginosa, uncultured Burkholderiales bacterium",3,4.54761627873779,"c(173.1949957, -35.0492848)"
23690,Lake Carrot,Eutrophic,"Pseudomonas umsongensis, Aeromonas veronii bv. sobria, Pseudomonas umsongensis, Afipia broomeae, Aeromonas salmonicida, uncultured Burkholderiales bacterium, Aeromonas veronii, Pseudomonas fluorescens, Staphylococcus aureus, Pseudomonas migulae, Exiguobacterium sibiricum 255-15, Pseudomonas fluorescens",12,4.17121715750736,"c(173.1889745, -35.0214519)"
23691,Lake Ngatu,Mesotrophic,"Aeromonas veronii bv. sobria, Aeromonas caviae, Afipia broomeae, Aeromonas salmonicida, Pseudomonas putida, Afipia birgiae, Pseudomonas taetrolens, Pseudomonas fluorescens, Pseudomonas fluorescens, Pseudomonas libanensis, Pseudomonas koreensis, Pseudomonas tolaasii, Enterobacter asburiae",13,3.87412848977206,"c(173.1982987, -35.0355278)"
24415,Lake Waiporohita,Eutrophic,"Clostridium puniceum, Afipia broomeae, uncultured bacterium, uncultured bacterium, uncultured Burkholderiales bacterium",5,4.82808055803849,"c(173.3482167, -34.90133333)"
24422,Lake Rotokawau(Karikari),Eutrophic,"Pseudomonas umsongensis, Aeromonas salmonicida, uncultured bacterium, uncultured Burkholderiales bacterium",4,4.58040472467072,"c(173.3064349, -34.87002263)"
24423,Lake 24423,Eutrophic,"uncultured bacterium, uncultured Burkholderiales bacterium, Pseudomonas migulae",3,4.09747655030916,"c(173.3201327, -34.87172436)"
24434,Lake Waitahora,Hypertrophic,Clostridium puniceum,1,6.34159377419355,"c(172.81425, -34.45466)"
24511,Lake Waihopo,Eutrophic,Clostridium puniceum,1,4.72742120361034,"c(173.0427591, -34.75584908)"
24620,Lake Wahakari,Mesotrophic,Clostridium estertheticum subsp. laramiense,1,3.18377237963203,"c(172.92877, -34.65289)"
24628,Lake Morehurehu,Mesotrophic,Aeromonas salmonicida,1,3.18616859743346,"c(172.9973286, -34.64216655)"
24633,Lake Te Kahika,Oligotrophic,"Serratia fonticola, Pseudomonas gingeri, Staphylococcus aureus, Acinetobacter junii",4,2.67332013236609,"c(173.0010867, -34.62373575)"
24701,Lake Peel,Mesotrophic,"Afipia broomeae, Clostridium estertheticum subsp. laramiense, uncultured Burkholderiales bacterium",3,3.07212876794341,"c(172.6023813, -41.14594649)"
24960,Lake Lockett,Microtrophic,"Afipia broomeae, Clostridium estertheticum subsp. laramiense, Staphylococcus hominis",3,1.76518773779796,"c(172.625535, -41.080595)"
25044,Lake Chalice,Mesotrophic,"uncultured Rickettsiales bacterium, Mycobacterium rhodesiae, Clostridium estertheticum subsp. laramiense",3,3.61094530171248,"c(173.3028526, -41.5728685)"
25248,Long White Lagoon,Supertrophic,"Afipia broomeae, uncultured bacterium",2,5.55814529852679,"c(168.1644, -46.356922)"
25519,Lake Otuhie,Eutrophic,"Afipia broomeae, Aeromonas salmonicida",2,4.1208524009122,"c(172.4186667, -40.68641667)"
25789,Lake Kaihoka 1,NA,"Clostridium puniceum, Afipia broomeae, uncultured Burkholderiales bacterium, Mycobacterium mucogenicum",4,NA,"c(172.5987, -40.55388333)"
25790,Lake Kaihoka 2,Mesotrophic,"Clostridium puniceum, Afipia broomeae, uncultured Burkholderiales bacterium, Mycobacterium mucogenicum, Mycobacterium mucogenicum",5,3.80765184188412,"c(172.6022, -40.55473333)"
25972,Mata Kopae Lagoon,Supertrophic,"Aeromonas veronii bv. sobria, Pseudomonas granadensis, Pseudomonas umsongensis, uncultured bacterium, Aeromonas salmonicida, Clostridium estertheticum subsp. laramiense",6,5.27457573763939,"c(173.26974, -42.78007)"
25994,Lake Rotorua,Hypertrophic,"Pseudomonas migulae, Aeromonas veronii bv. sobria, Aeromonas caviae, Pseudomonas umsongensis, Microcystis aeruginosa, Aeromonas sobria, Microcystis aeruginosa, Aeromonas salmonicida, Aeromonas veronii, Pseudomonas migulae, Raoultella ornithinolytica, Pseudomonas fluorescens, Pseudomonas fluorescens, Pseudomonas migulae, Aeromonas encheleia, Pseudomonas putida, Pseudomonas fluorescens, Exiguobacterium sibiricum 255-15, Pseudomonas fluorescens, Bacillus megaterium, Pseudomonas fluorescens, Pseudomonas syringae, Pseudomonas fluorescens, Pseudomonas yamanorum, Aeromonas hydrophila, Pseudomonas brassicacearum, Pseudomonas tolaasii, Pseudomonas koreensis, Pseudomonas fluorescens, Klebsiella oxytoca, Pseudomonas poae",31,6.25618359676609,"c(173.581394, -42.404092)"
26277,Lake Horsehoe,Eutrophic,"uncultured Rickettsiales bacterium, Clostridium puniceum, Clostridium estertheticum subsp. laramiense, Mycobacterium mucogenicum",4,4.73880459032424,"c(172.2321277, -42.6780261)"
27286,Lake McRae,Oligotrophic,"uncultured Rickettsiales bacterium, Sphingomonas insulae, uncultured Burkholderiales bacterium",3,2.54623863967869,"c(173.3315873, -42.1834685)"
28543,Lake George,Mesotrophic,"Clostridium puniceum, Afipia broomeae, uncultured bacterium, Leuconostoc pseudomesenteroides",4,3.52473312785714,"c(167.860554, -46.356284)"
28942,Lake Mike,Oligotrophic,"Afipia broomeae, Clostridium estertheticum subsp. laramiense, uncultured Burkholderiales bacterium, Yersinia intermedia, Sphingomonas alpina, Mycobacterium triplex",6,2.50030706587272,"c(166.9012, -45.8255)"
29073,Lake Hay,Oligotrophic,"uncultured Rickettsiales bacterium, Afipia broomeae, uncultured bacterium, Clostridium estertheticum subsp. laramiense, uncultured Burkholderiales bacterium, metagenome, Pseudomonas putida, Sphingomonas alpina, Pseudomonas fluorescens, Mycobacterium triplex, Pseudomonas plecoglossicida",11,2.15266688737486,"c(167.0479568, -45.80654863)"
29104,Lake Jaquiery,Oligotrophic,"Afipia broomeae, uncultured bacterium, Clostridium estertheticum subsp. laramiense, uncultured Burkholderiales bacterium, Bacillus cereus, metagenome, Sphingomonas alpina, Mycoplasma wenyonii str. Massachusetts",8,2.68822700590551,"c(167.24156, -45.83387)"
29250,Lake Island,Oligotrophic,"uncultured Rickettsiales bacterium, Aeromonas sobria, Clostridium puniceum, Afipia broomeae, uncultured bacterium, Clostridium estertheticum subsp. laramiense, Pseudomonas fragi, Pseudomonas fragi, Serratia fonticola, Pseudomonas putida, Pseudomonas fluorescens, Pseudomonas yamanorum, Pseudomonas fluorescens, Pseudomonas fulva",14,2.47500730758352,"c(167.36506, -45.778676)"
29541,Lake Jane,Oligotrophic,"Pseudomonas umsongensis, Afipia broomeae, uncultured bacterium, Sphingomonas insulae, Clostridium estertheticum subsp. laramiense, uncultured Burkholderiales bacterium, Pseudomonas fluorescens, Pseudomonas frederiksbergensis",8,2.65121806587183,"c(167.1106, -45.7125)"
29568,Lake Ursula,Oligotrophic,"Afipia broomeae, uncultured bacterium",2,2.23569086271605,"c(167.12827, -45.70024)"
29596,Lake Roe,Microtrophic,"uncultured Acidobacteria bacterium, Afipia broomeae, Pseudomonas mandelii",3,1.92670859503343,"c(167.15235, -45.70735)"
29614,Lake Bright,Oligotrophic,"uncultured Rickettsiales bacterium, Aeromonas sobria, Clostridium puniceum, Afipia broomeae, uncultured bacterium, Sphingomonas insulae, Clostridium estertheticum subsp. laramiense, uncultured Burkholderiales bacterium, Sphingomonas alpina, Yersinia aleksiciae, Bacillus thuringiensis",11,2.37735961795775,"c(167.1429, -45.6918)"
29644,Lake Story,Microtrophic,"Afipia broomeae, uncultured bacterium, Pseudomonas fluorescens, Pseudomonas ficuserectae",4,1.89317913110668,"c(167.17189, -45.74159)"
29917,Lake Pyramid,Microtrophic,"Acinetobacter lwoffii, uncultured Rickettsiales bacterium, Afipia broomeae, uncultured bacterium, Clostridium estertheticum subsp. laramiense, Pseudomonas migulae, Pseudomonas fluorescens, Acinetobacter johnsonii, metagenome, Sphingomonas alpina, Acinetobacter johnsonii XBB1, Pseudomonas fluorescens",12,1.93367870607029,"c(167.36458, -45.74852)"
29956,Shallow Lake,Mesotrophic,"uncultured Acidobacteria bacterium, Aeromonas sobria, Clostridium puniceum, Afipia broomeae, uncultured bacterium, Clostridium estertheticum subsp. laramiense, Pseudomonas migulae, Pseudomonas fluorescens, Yersinia intermedia, Pseudomonas putida, Sphingomonas alpina, Acinetobacter gyllenbergii, Yersinia aldovae, Pseudomonas fluorescens, Pseudomonas fulva",15,3.5643964169681,"c(167.3371098, -45.71217109)"
301,Bartons Lagoon,Mesotrophic,"Clostridium puniceum, Afipia broomeae, Clostridium estertheticum subsp. laramiense, uncultured Burkholderiales bacterium, Pseudomonas fragi, Hafnia alvei",6,3.96065690097824,"c(175.3135285, -41.16978303)"
30380,Lake Rakatu,Mesotrophic,"Afipia broomeae, Clostridium estertheticum subsp. laramiense, uncultured Burkholderiales bacterium, Sphingomonas alpina",4,3.0264233622475,"c(167.592766, -45.626233)"
30812,Big Lagoon,Mesotrophic,"Pseudomonas umsongensis, Afipia broomeae, uncultured bacterium, Aeromonas salmonicida, Clostridium estertheticum subsp. laramiense, Pseudomonas fluorescens, Clostridium puniceum, Pseudomonas migulae, Mycobacterium avium, Staphylococcus capitis, Sphingomonas alpina, Elizabethkingia meningoseptica",12,3.53359784948508,"c(168.176776, -46.354037)"
32478,Lake Opouahi,Eutrophic,"Afipia broomeae, uncultured bacterium, uncultured Burkholderiales bacterium",3,4.86117164214192,"c(176.83618, -39.14663)"
32805,Lake Hatuma,Hypertrophic,"Aeromonas veronii bv. sobria, uncultured Rickettsiales bacterium, Aeromonas sobria, Aeromonas salmonicida, Mycobacterium mucogenicum",5,6.05234089036918,"c(176.527928, -40.01848034)"
34599,Lake 34599,Supertrophic,"Clostridium puniceum, Microcystis aeruginosa, Clostridium puniceum, Shewanella putrefaciens, Aeromonas salmonicida, Aeromonas veronii, Shewanella putrefaciens, Shewanella putrefaciens",8,5.23202333473731,"c(176.964018, -39.6476587)"
34665,Lake Whakaki,Hypertrophic,"Microcystis aeruginosa, Microcystis aeruginosa, Clostridium estertheticum subsp. laramiense, Aeromonas veronii",4,6.46880655160334,"c(177.5570203, -39.04576174)"
35422,Lake Horseshoe,Eutrophic,"uncultured Burkholderiales bacterium, Mycobacterium mucogenicum",2,4.33828845230656,"c(176.761112, -39.920142)"
36096,Lake Oingo,Supertrophic,"Microcystis aeruginosa, Aeromonas sobria, Microcystis aeruginosa",3,5.72969583402215,"c(176.751942, -39.56655206)"
36215,Lake Runanga,Hypertrophic,"Microcystis aeruginosa, Microcystis aeruginosa, Streptococcus mitis",3,6.38132981772723,"c(176.71019, -39.58353)"
36285,Lake Hurimoana,Supertrophic,"Microcystis aeruginosa, Microcystis aeruginosa, uncultured Burkholderiales bacterium",3,5.86977480632863,"c(176.7196, -39.55341)"
36314,Lake Kautuku,Supertrophic,"Microcystis aeruginosa, uncultured Burkholderiales bacterium",2,5.88136492276125,"c(176.73385, -39.5713)"
36343,Lake 36343,Supertrophic,"Pseudomonas umsongensis, Microcystis aeruginosa, Afipia broomeae, Microcystis aeruginosa, Pseudomonas fluorescens, Pseudomonas migulae, Pseudomonas fluorescens",7,5.57573788922972,"c(176.9602535, -39.6511853)"
36741,Lake Kaweka 2,Mesotrophic,Mycobacterium mucogenicum,1,3.15639607891602,"c(176.3657607, -39.36310208)"
36742,Lake Kaweka 1,Mesotrophic,"Aeromonas sobria, Clostridium puniceum, Afipia broomeae, Shewanella putrefaciens, Aeromonas salmonicida, Shewanella putrefaciens, Serratia fonticola",7,3.85298907012649,"c(176.3632074, -39.36146425)"
36979,Lake Orakai,Supertrophic,"Microcystis aeruginosa, uncultured Burkholderiales bacterium",2,5.4859884016481,"c(176.88832, -39.23633)"
36980,Lake Waikopiro,Supertrophic,"Microcystis aeruginosa, Clostridium estertheticum subsp. laramiense, uncultured Burkholderiales bacterium",3,5.38364214687356,"c(176.8959, -39.23455)"
36981,Lake Tutira,Eutrophic,"Pseudomonas migulae, Aeromonas veronii bv. sobria, Aeromonas sobria, Clostridium puniceum, Afipia broomeae, Microcystis aeruginosa, uncultured bacterium, Aeromonas salmonicida, Clostridium estertheticum subsp. laramiense, Pseudomonas migulae, Pseudomonas fluorescens, Pseudomonas fluorescens, Pseudomonas fluorescens, Pseudomonas migulae, Aeromonas encheleia, Aeromonas rivipollensis, Aeromonas caviae, Pseudomonas fluorescens, uncultured Burkholderiales bacterium, Pseudomonas putida, Pseudomonas fluorescens, Pseudomonas yamanorum, Pseudomonas libanensis",23,4.93414680693431,"c(176.8982, -39.22501)"
37529,Lake Rotongaio,Eutrophic,"Microcystis aeruginosa, uncultured bacterium, Clostridium estertheticum subsp. laramiense, uncultured Burkholderiales bacterium, Mycobacterium mucogenicum",5,4.95254296995891,"c(177.01193, -38.94369)"
37530,Lake Rotoroa,Eutrophic,"Pseudomonas umsongensis, Afipia broomeae, uncultured bacterium, Pseudomonas fluorescens, Pseudomonas migulae",5,4.46748892131906,"c(177.02917, -38.94735)"
37534,Lake Rotonuiaha,Supertrophic,"Afipia broomeae, Microcystis aeruginosa, Clostridium estertheticum subsp. laramiense, Serratia plymuthica",4,5.32176780244989,"c(177.03864, -38.94828)"
38421,Lake Mahinapua,Oligotrophic,"Pseudomonas umsongensis, Afipia broomeae, uncultured Burkholderiales bacterium, Mycobacterium mucogenicum, Pseudomonas migulae",5,2.84196603564427,"c(170.911996, -42.797423)"
38502,Lake Kaniere,Oligotrophic,"uncultured bacterium, Sphingomonas insulae, Clostridium estertheticum subsp. laramiense, Pseudomonas fluorescens",4,2.54324531895425,"c(171.147533, -42.842517)"
38664,Lake Kangaroo,Oligotrophic,"Clostridium puniceum, Sphingomonas insulae, Clostridium estertheticum subsp. laramiense",3,2.99452289018132,"c(171.548966, -42.609279)"
38665,Lake Lady,Mesotrophic,"uncultured Rickettsiales bacterium, Clostridium puniceum, uncultured bacterium, Clostridium estertheticum subsp. laramiense",4,3.53698643603133,"c(171.573715, -42.599533)"
38955,Lake Poerua,Oligotrophic,"Pseudomonas fluorescens, Pseudomonas umsongensis, Pseudomonas granadensis, Pseudomonas umsongensis, uncultured Burkholderiales bacterium, Pseudomonas putida, Pseudomonas frederiksbergensis, Pseudomonas fluorescens, Pseudomonas fluorescens, Pseudomonas migulae, Pseudomonas putida, Pseudomonas migulae, Pseudomonas fluorescens, Klebsiella aerogenes, Bacillus thuringiensis, Pseudomonas marginalis pv. marginalis, Pseudomonas tolaasii, Serratia proteamaculans, Yersinia kristensenii, Rhodococcus erythropolis",20,2.30119258873239,"c(171.49495, -42.704272)"
38974,Lake Brunner,Mesotrophic,"Pseudomonas granadensis, Pseudomonas umsongensis, Mycobacterium rhodesiae, Clostridium puniceum, Afipia broomeae, Clostridium estertheticum subsp. laramiense, uncultured Burkholderiales bacterium, Mycobacterium mucogenicum, Pseudomonas fluorescens, Mycobacterium litorale, Pseudomonas migulae, Pseudomonas fluorescens, Pseudomonas fragi",13,3.4002430237467,"c(171.450018, -42.608367)"
39050,Lake Kaurapataka,Mesotrophic,"uncultured bacterium, uncultured Burkholderiales bacterium, Pseudomonas rhizosphaerae",3,3.76205322374284,"c(171.698698, -42.786072)"
39191,Lake Morgan,Oligotrophic,"uncultured Rickettsiales bacterium, Clostridium estertheticum subsp. laramiense, uncultured Burkholderiales bacterium",3,2.38175410475708,"c(171.707152, -42.676748)"
39225,Lake Haupiri,Mesotrophic,"Pseudomonas umsongensis, Clostridium estertheticum subsp. laramiense, uncultured Burkholderiales bacterium, Pseudomonas fluorescens, Pseudomonas migulae",5,3.54581531920904,"c(171.692006, -42.567542)"
39297,Lake Mason,Mesotrophic,"Clostridium estertheticum subsp. laramiense, uncultured Burkholderiales bacterium, Pseudomonas migulae",3,3.41308680057936,"c(172.17134, -42.7348972)"
39356,Lake Taylor,Oligotrophic,"Clostridium estertheticum subsp. laramiense, uncultured Burkholderiales bacterium, Mycobacterium mucogenicum",3,2.79242821838379,"c(172.2311, -42.7675)"
39357,Lake Sheppard,Mesotrophic,"Mycobacterium mucogenicum, Pseudomonas migulae",2,3.76611183161562,"c(172.2511, -42.76222)"
39364,Lake Katrine,Oligotrophic,"uncultured Rickettsiales bacterium, uncultured Rickettsiales bacterium, Afipia broomeae, Aeromonas salmonicida, Sphingomonas insulae, Clostridium estertheticum subsp. laramiense, uncultured Burkholderiales bacterium, Exiguobacterium sibiricum 255-15, Pseudomonas fluorescens",9,2.7296363680453,"c(172.2, -42.71833)"
39367,Lake Marion,Mesotrophic,Lelliottia amnigena,1,3.99157428306356,"c(172.2321582, -42.677912)"
39621,Lake Hochstetter,Oligotrophic,"uncultured Rickettsiales bacterium, uncultured bacterium, Clostridium estertheticum subsp. laramiense, uncultured Burkholderiales bacterium",4,2.75209796473483,"c(171.670571, -42.445958)"
40071,Lake Rerewhakaaitu,Mesotrophic,"Clostridium puniceum, Clostridium estertheticum subsp. laramiense, uncultured Burkholderiales bacterium, Mycobacterium mucogenicum",4,3.6485773532432,"c(176.5000859, -38.2920385)"
40188,Lake Rotoehu,Eutrophic,"Acinetobacter lwoffii, Microcystis aeruginosa",2,4.63853129114484,"c(176.5319335, -38.0151729)"
40521,Lake Rotokaha,Supertrophic,"Microcystis aeruginosa, Clostridium puniceum, Afipia broomeae, Aeromonas encheleia, Pseudomonas fluorescens",5,5.29142361778523,"c(177.559606, -38.774953)"
40534,Lake Karangata,Supertrophic,"Aeromonas caviae, Aeromonas salmonicida, Aeromonas veronii, Aeromonas encheleia",4,5.33705311516035,"c(177.5404982, -38.77461697)"
40535,Lake Kaikiore,Supertrophic,"Microcystis aeruginosa, Afipia broomeae",2,5.36218076586621,"c(177.5409204, -38.76858452)"
40554,Lake Kaikereru,Supertrophic,"Microcystis aeruginosa, Clostridium puniceum, Clostridium beijerinckii",3,5.13613283571429,"c(177.5494042, -38.75535417)"
40590,Lake Waihau,Supertrophic,"Microcystis aeruginosa, Afipia broomeae, Clostridium estertheticum subsp. laramiense",3,5.82561340645635,"c(177.5546657, -38.75513635)"
41293,Lake Denny,Eutrophic,"Clostridium puniceum, uncultured bacterium, Clostridium estertheticum subsp. laramiense, uncultured Burkholderiales bacterium",4,4.26788819866268,"c(171.122638, -43.670134)"
41299,Lake Emma,Eutrophic,uncultured Burkholderiales bacterium,1,4.94902042923995,"c(171.106462, -43.638858)"
41305,Lake Clearwater,Mesotrophic,"uncultured bacterium, uncultured Burkholderiales bacterium",2,3.56621317295415,"c(171.044722, -43.6027)"
41306,Lake Camp,Mesotrophic,"Clostridium estertheticum subsp. laramiense, Mycobacterium mucogenicum",2,3.82826308331719,"c(171.05698, -43.615189)"
41314,Lake Waahi,Hypertrophic,Microcystis aeruginosa,1,6.21235347811123,"c(175.124364, -37.556942)"
41679,Lake Eggeling,Mesotrophic,"Pseudomonas umsongensis, Mycobacterium rhodesiae, Afipia broomeae, uncultured bacterium, Sphingomonas insulae, Clostridium estertheticum subsp. laramiense, Pseudomonas ficuserectae",7,3.82157854056047,"c(169.1452089, -43.98569205)"
43649,Lake Vincent,Mesotrophic,"Aeromonas sobria, Clostridium puniceum, Afipia broomeae, Clostridium estertheticum subsp. laramiense, Mycobacterium mucogenicum, Lysinibacillus sphaericus",6,3.69527316695118,"c(168.821629, -46.590107)"
44391,Lake Waihola,Eutrophic,Mycobacterium mucogenicum,1,4.41981108638498,"c(170.0780362, -46.02035028)"
44599,Lake Tuakitoto,Supertrophic,"uncultured Burkholderiales bacterium, Mycobacterium mucogenicum",2,5.05899949902153,"c(169.8248794, -46.22815363)"
44746,Lake Tomohawke 2,Eutrophic,"Aeromonas sobria, uncultured bacterium, Clostridium estertheticum subsp. laramiense, Shewanella putrefaciens",4,4.99871480832308,"c(170.550714, -45.90115936)"
44747,Lake Tomohawke 1 Lower,Hypertrophic,"Pseudomonas granadensis, Shewanella putrefaciens, Aeromonas salmonicida, Clostridium estertheticum subsp. laramiense, Shewanella putrefaciens, Pseudomonas putida",6,6.32534555358119,"c(170.6730616, -45.60371521)"
4506,Voss Lagoon,Supertrophic,"Microcystis aeruginosa, Clostridium puniceum, Clostridium estertheticum subsp. laramiense",3,5.43053111090909,"c(175.4932, -40.416283)"
4509,Karere Lagoon,Supertrophic,"Aeromonas veronii bv. sobria, Microcystis aeruginosa, Clostridium puniceum, Microcystis aeruginosa",4,5.35270512304031,"c(175.528067, -40.403133)"
45434,Lake 45434,Oligotrophic,"Mycobacterium rhodesiae, uncultured bacterium, uncultured Burkholderiales bacterium, Mycobacterium mucogenicum",4,2.54337924391158,"c(169.748105, -44.284887)"
45472,Lake Dumb-bell,Oligotrophic,"uncultured Rickettsiales bacterium, uncultured Rickettsiales bacterium, Mycobacterium rhodesiae, Afipia broomeae, Sphingomonas insulae, Clostridium estertheticum subsp. laramiense, uncultured Burkholderiales bacterium, Mycobacterium mucogenicum, metagenome, Yersinia aleksiciae",10,2.30154938951373,"c(169.7493006, -44.28588729)"
45514,Lake Ohau,Microtrophic,"Pseudomonas umsongensis, uncultured Rickettsiales bacterium, Pseudomonas granadensis, Pseudomonas umsongensis, Aeromonas sobria, Shewanella putrefaciens, uncultured Burkholderiales bacterium, Pseudomonas fluorescens, Shewanella putrefaciens, Pseudomonas migulae, Pseudomonas fluorescens, Pseudomonas fluorescens, Bacillus thuringiensis, Rhodococcus fascians",14,1.72660850154146,"c(169.850807, -44.230632)"
45686,Lake Gault,Oligotrophic,Mycobacterium szulgai,1,2.53207384930088,"c(169.984864, -43.430526)"
45819,Lake Wainamu,Supertrophic,Afipia broomeae,1,5.11087172142477,"c(174.46833, -36.890121)"
46051,Lake Eyles,Oligotrophic,"uncultured Rickettsiales bacterium, Afipia broomeae, Clostridium estertheticum subsp. laramiense, uncultured Burkholderiales bacterium",4,2.51785916219563,"c(167.4688, -45.25)"
46212,Lake Douglas,Mesotrophic,"Clostridium estertheticum subsp. laramiense, uncultured Burkholderiales bacterium, Mycobacterium mucogenicum, Afipia birgiae",4,3.65940488410992,"c(169.0915972, -43.96692516)"
46484,Lake Duncan Stream 3,Oligotrophic,"Mycobacterium rhodesiae, Afipia broomeae",2,2.40736770785283,"c(170.059323, -44.032042)"
46493,Lake Duncan Steam 1,Oligotrophic,"Sphingomonas insulae, Pseudomonas fragi, Serratia fonticola",3,2.79694172732592,"c(170.0428026, -44.01221492)"
46494,Lake Irish Stream,Oligotrophic,"uncultured Rickettsiales bacterium, uncultured bacterium, Clostridium estertheticum subsp. laramiense, Pseudomonas putida",4,2.80457437438989,"c(170.040978, -43.992728)"
46496,Lake Duncan Stream 2,Mesotrophic,"uncultured bacterium, Sphingomonas insulae, Clostridium estertheticum subsp. laramiense",3,3.23906802573203,"c(170.052358, -44.017103)"
46564,Lake Pukaki,Microtrophic,"uncultured Rickettsiales bacterium, Pseudomonas granadensis, Pseudomonas umsongensis, Afipia broomeae, Shewanella putrefaciens, Aeromonas salmonicida, uncultured Burkholderiales bacterium, Pseudomonas fluorescens, Shewanella putrefaciens, Pseudomonas migulae, Aeromonas encheleia, Pseudomonas fluorescens, Pseudomonas fluorescens, Pseudomonas fluorescens",14,1.72787872522265,"c(170.165013, -44.07395)"
46723,Lake Moeraki,Mesotrophic,"Pseudomonas migulae, Pseudomonas umsongensis, uncultured bacterium, Pseudomonas fluorescens",4,3.57358408329101,"c(169.28694, -43.73432)"
46725,Lake Paringa,Mesotrophic,"Afipia broomeae, Clostridium estertheticum subsp. laramiense, uncultured Burkholderiales bacterium, Mycobacterium mucogenicum, Pseudomonas fragi",5,3.37740412977811,"c(169.401047, -43.7211)"
46774,Lake 46774,Oligotrophic,"Clostridium estertheticum subsp. laramiense, uncultured Burkholderiales bacterium",2,2.44982588958904,"c(169.737734, -43.640618)"
46775,Lake Rototekoiti,Mesotrophic,"Mycobacterium rhodesiae, uncultured bacterium, Clostridium estertheticum subsp. laramiense, uncultured Burkholderiales bacterium",4,3.40650950270495,"c(169.768449, -43.640516)"
46954,Alpine Lake,Oligotrophic,Yersinia pseudotuberculosis,1,2.41161220151334,"c(170.138067, -43.287757)"
46959,Lake Mapourika,Mesotrophic,"Pseudomonas fluorescens, Pseudomonas umsongensis, Pseudomonas migulae, Pseudomonas granadensis, Pseudomonas umsongensis, Mycobacterium rhodesiae, Afipia broomeae, uncultured bacterium, Aeromonas salmonicida, uncultured Burkholderiales bacterium, Pseudomonas fluorescens, Pseudomonas fluorescens, Pseudomonas migulae, Aeromonas encheleia, Chryseobacterium indologenes, Pseudomonas putida, Pseudomonas fluorescens, Pseudomonas fluorescens, Klebsiella aerogenes, Pseudomonas brassicacearum, Klebsiella oxytoca, Serratia liquefaciens, Hafnia alvei",23,3.34442305991561,"c(170.2189, -43.2979)"
47193,Lake Alexandrina,Mesotrophic,"Clostridium estertheticum subsp. laramiense, Mycobacterium mucogenicum",2,3.8499632167787,"c(170.45454, -43.93682)"
47198,Lake Mcgregor,Mesotrophic,"Clostridium estertheticum subsp. laramiense, uncultured Burkholderiales bacterium, Mycobacterium mucogenicum",3,3.776493872454,"c(170.4709, -43.93584)"
47225,Lake Hartley Tarn,Mesotrophic,Acinetobacter guillouiae,1,3.56180318680842,"c(170.441455, -43.882706)"
47228,Lake Tekapo,Microtrophic,"Pseudomonas umsongensis, uncultured Rickettsiales bacterium, Afipia broomeae, uncultured Burkholderiales bacterium, Pseudomonas putida, Pseudomonas fluorescens, Pseudomonas fluorescens, Pseudomonas taetrolens, Pseudomonas fluorescens",9,1.71808110973451,"c(170.486069, -43.993266)"
47252,Stoney Tarn,NA,uncultured bacterium,1,NA,"c(170.44577, -43.874333)"
47491,Lake Ianthe,Mesotrophic,"Clostridium puniceum, uncultured bacterium, Clostridium estertheticum subsp. laramiense, uncultured Burkholderiales bacterium",4,3.14514392668958,"c(170.625703, -43.056407)"
47579,Lake Forsyth,Hypertrophic,"Pseudomonas fluorescens, Pseudomonas umsongensis, Aeromonas veronii bv. sobria, uncultured Rickettsiales bacterium, Pseudomonas umsongensis, Aeromonas sobria, Shewanella putrefaciens, Aeromonas salmonicida, Clostridium estertheticum subsp. laramiense, Aeromonas veronii, Mycobacterium mucogenicum, Pseudomonas migulae, Pseudomonas fluorescens, Pseudomonas putida, Shewanella putrefaciens, Pseudomonas fluorescens, Pseudomonas migulae, Aeromonas encheleia, Pseudomonas putida, Pseudomonas putida, Pseudomonas fluorescens, Aeromonas rivipollensis, Pseudomonas putida, Aeromonas caviae, Pseudomonas fluorescens, Pseudomonas migulae, Pseudomonas fluorescens, Pseudomonas fluorescens, Bacillus megaterium, Shewanella putrefaciens, Pseudomonas putida, Acinetobacter bouvetii, Pseudomonas fluorescens, Pseudomonas marginalis pv. marginalis",34,6.49579419308777,"c(172.3794, -43.8025)"
47859,Maori Lakes A,Mesotrophic,"Pseudomonas umsongensis, Aeromonas veronii bv. sobria, Pseudomonas umsongensis, Aeromonas sobria, Afipia broomeae, Shewanella putrefaciens, uncultured bacterium, Aeromonas salmonicida, uncultured Burkholderiales bacterium, Aeromonas encheleia, Pseudomonas fluorescens",11,3.33921707726223,"c(171.18282, -43.57494)"
47860,Lake Emily,Eutrophic,"Clostridium puniceum, uncultured Burkholderiales bacterium",2,4.20033872921371,"c(171.226395, -43.550102)"
47892,Lake Heron,Mesotrophic,"Afipia broomeae, uncultured Burkholderiales bacterium, Mycobacterium mucogenicum",3,3.62271298860686,"c(171.16637, -43.48787)"
48213,Lake Selfe,Mesotrophic,"uncultured bacterium, Clostridium estertheticum subsp. laramiense, uncultured Burkholderiales bacterium, Mycobacterium mucogenicum, Mycobacterium mucogenicum",5,3.32154307730467,"c(171.5183, -43.23944)"
48216,Lake Henrietta,Mesotrophic,"Clostridium puniceum, Mycobacterium mucogenicum",2,3.86457932424381,"c(171.50015, -43.22894)"
48447,Lake Georgina,Eutrophic,"uncultured bacterium, Clostridium estertheticum subsp. laramiense, uncultured Burkholderiales bacterium, Mycobacterium chubuense",4,4.07919873926559,"c(171.569737, -43.318146)"
48455,Lake Ida,Mesotrophic,uncultured Burkholderiales bacterium,1,3.66501149982257,"c(171.538842, -43.254398)"
48456,Lake Catherine,Mesotrophic,"Sphingomonas insulae, uncultured Burkholderiales bacterium",2,3.34579839265851,"c(171.55963, -43.221)"
48597,Lake Lyndon,Mesotrophic,"uncultured Rickettsiales bacterium, uncultured bacterium, Clostridium estertheticum subsp. laramiense, uncultured Burkholderiales bacterium, Mycobacterium mucogenicum",5,3.07041176072438,"c(171.69318, -43.306888)"
48660,Lake Pearson,Mesotrophic,"Mycobacterium mucogenicum, Mycobacterium mucogenicum",2,3.21760231932342,"c(171.778328, -43.10279)"
48663,Lake Grasmere,Mesotrophic,"uncultured Rickettsiales bacterium, uncultured bacterium, Clostridium estertheticum subsp. laramiense, uncultured Burkholderiales bacterium, Mycobacterium mucogenicum, Mycobacterium mucogenicum",6,3.21162978739441,"c(171.7744, -43.062222)"
48669,Lake Hawdon,Mesotrophic,"uncultured Rickettsiales bacterium, uncultured bacterium, Sphingomonas insulae, uncultured Burkholderiales bacterium",4,3.90786376301438,"c(171.850706, -43.104239)"
48673,Lake Sarah,Mesotrophic,"uncultured Rickettsiales bacterium, Sphingomonas insulae, uncultured Burkholderiales bacterium, Mycobacterium mucogenicum, Mycobacterium mucogenicum",5,3.64108199323607,"c(171.776777, -43.0487)"
49176,Lake Okawhao,Supertrophic,"Aeromonas veronii bv. sobria, Microcystis aeruginosa, Aeromonas salmonicida, Aeromonas encheleia",4,5.92596456434151,"c(175.1412514, -37.5259469)"
49180,Lake Whangape,Hypertrophic,"Microcystis aeruginosa, Aeromonas salmonicida",2,6.54597901195079,"c(175.0653926, -37.4614141)"
49186,Lake Rotongaro,Supertrophic,"Aeromonas veronii bv. sobria, Microcystis aeruginosa, Afipia broomeae, Aeromonas salmonicida, Aeromonas veronii, Mycobacterium mucogenicum, Aeromonas encheleia",7,5.98307693615503,"c(175.1215381, -37.4846277)"
49200,Lake Hakanoa,Hypertrophic,"Aeromonas veronii bv. sobria, Aeromonas salmonicida",2,6.45279999436831,"c(175.168228, -37.552222)"
49294,Lake Whatihua,Eutrophic,"Aeromonas salmonicida, Aeromonas veronii, Mycobacterium mucogenicum",3,4.42575227292769,"c(174.6707172, -37.2755257)"
49295,Lake Puketi,Eutrophic,"Afipia broomeae, Aeromonas salmonicida, Mycobacterium mucogenicum, Afipia birgiae",4,4.16324912030384,"c(174.6766993, -37.2793676)"
49884,Lake Kereta,Supertrophic,"Microcystis aeruginosa, Mycobacterium mucogenicum",2,5.39060533762741,"c(174.280902, -36.593075)"
50151,Lake Pupuke,Supertrophic,"Microcystis aeruginosa, Clostridium puniceum, Mycobacterium mucogenicum, Clostridium beijerinckii",4,5.30618692097454,"c(174.7654825, -36.7802378)"
50269,Lake Kuwakatai,Supertrophic,"Clostridium puniceum, Microcystis aeruginosa, Afipia broomeae, Microcystis aeruginosa",4,5.21869657275281,"c(174.23238, -36.5302)"
50270,Lake Rototoa,Eutrophic,"Mycobacterium mucogenicum, Mycobacterium litorale",2,4.3404397739816,"c(174.238849, -36.51214)"
50314,Lake Mokeno,Eutrophic,"Pseudomonas umsongensis, Aeromonas veronii bv. sobria, Pseudomonas granadensis, Aeromonas sobria, Aeromonas salmonicida, Aeromonas veronii, Aeromonas encheleia, Pseudomonas fluorescens, Shewanella putrefaciens",9,4.68019772527635,"c(174.06073, -36.35158)"
50320,Lake Karaka,Eutrophic,"Pseudomonas umsongensis, Aeromonas veronii bv. sobria, Pseudomonas granadensis, Pseudomonas umsongensis, Microcystis aeruginosa, uncultured bacterium, Aeromonas salmonicida, uncultured Burkholderiales bacterium, Aeromonas veronii, Mycobacterium mucogenicum, Pseudomonas fluorescens, Pseudomonas fluorescens, Mycobacterium mucogenicum, Pseudomonas fluorescens, Pseudomonas migulae, Aeromonas encheleia, Aeromonas rivipollensis, Pseudomonas putida, Aeromonas caviae, Pseudomonas fluorescens, Pseudomonas fluorescens, Pseudomonas fluorescens, Pseudomonas putida, Pseudomonas fluorescens, Pseudomonas fluorescens, Pseudomonas libanensis",26,4.35276455637549,"c(174.0384667, -36.31386667)"
50335,Lake 50335,Eutrophic,"Clostridium beijerinckii, Clostridium puniceum, Microcystis aeruginosa, Clostridium puniceum, Sphingomonas insulae, Clostridium estertheticum subsp. laramiense, uncultured Burkholderiales bacterium",7,4.30413682250639,"c(174.0270525, -36.29186933)"
50345,Lake Rototuna,Eutrophic,"Clostridium puniceum, Afipia broomeae, Staphylococcus aureus, Mycobacterium mucogenicum, Pseudomonas migulae",5,4.97517167747641,"c(174.04008, -36.25107)"
50371,Lake Kahuparere,Eutrophic,"uncultured Burkholderiales bacterium, Mycobacterium mucogenicum, Mycobacterium mucogenicum",3,4.32359130077427,"c(174.1573594, -36.36910358)"
50373,Lake Kanono,Supertrophic,"Microcystis aeruginosa, Mycobacterium mucogenicum",2,5.13269067308534,"c(174.1484167, -36.36485)"
50401,Lake Humuhumu,Mesotrophic,"Aeromonas veronii bv. sobria, Microcystis aeruginosa, Shewanella putrefaciens, uncultured Burkholderiales bacterium, Aeromonas veronii, Mycobacterium mucogenicum, Aeromonas rivipollensis, Shewanella putrefaciens",8,3.73788904388871,"c(174.1294667, -36.32808333)"
50403,Lake Rotootuauturu,Eutrophic,"Clostridium puniceum, Microcystis aeruginosa, Aeromonas salmonicida, uncultured Burkholderiales bacterium",4,4.61493132886905,"c(174.1397831, -36.33137007)"
50413,Lake Rotokawau,Mesotrophic,"Clostridium puniceum, Afipia broomeae, uncultured bacterium, Clostridium estertheticum subsp. laramiense, uncultured Burkholderiales bacterium, Mycobacterium mucogenicum, Erwinia billingiae",7,3.10617354757835,"c(174.1465167, -36.35028333)"
5042,Pukepuke Lagoon,Supertrophic,"Microcystis aeruginosa, Microcystis aeruginosa",2,5.85338976896552,"c(175.26483, -40.340858)"
50704,Lake Hope,Oligotrophic,"Mycobacterium rhodesiae, Sphingomonas insulae",2,2.23820579784081,"c(168.8290299, -45.1379969)"
50710,Lake 50710,Oligotrophic,Sphingomonas insulae,1,2.13277865127939,"c(168.8728829, -45.1495908)"
50722,Lake 50722,Eutrophic,"Pseudomonas umsongensis, Pseudomonas migulae, Serratia fonticola, Aeromonas salmonicida, Pseudomonas migulae, Pseudomonas fragi, Pseudomonas ficuserectae, Pseudomonas fragi, Serratia fonticola, Pseudomonas fluorescens, Pseudomonas fluorescens, Yersinia aleksiciae, Pseudomonas syringae, Pseudomonas brassicacearum, Pseudomonas fluorescens",15,4.80144822945696,"c(168.838933, -45.101567)"
50782,Lake Waikare,Hypertrophic,"Aeromonas veronii bv. sobria, Microcystis aeruginosa, Microcystis aeruginosa",3,6.51066181440347,"c(175.19626, -37.439999)"
511,Matthews Lagoon,Supertrophic,"Aeromonas veronii bv. sobria, uncultured Burkholderiales bacterium, Aeromonas veronii, Mycobacterium mucogenicum, Mycobacterium litorale, Escherichia coli, Pseudomonas fluorescens",7,5.47009790662651,"c(175.268883, -41.260467)"
51754,Lake Troup,Oligotrophic,"Afipia broomeae, uncultured bacterium, Clostridium estertheticum subsp. laramiense, uncultured Burkholderiales bacterium",4,2.64212962366738,"c(167.1311167, -45.4786)"
51827,Lake Lucille,Oligotrophic,"uncultured Rickettsiales bacterium, uncultured Rickettsiales bacterium, uncultured Acidobacteria bacterium, Afipia broomeae, uncultured bacterium, Clostridium estertheticum subsp. laramiense, uncultured Burkholderiales bacterium, Bacillus thuringiensis",8,2.1825374040493,"c(167.2620433, -45.49642048)"
51931,Lake 51931,Mesotrophic,"uncultured Acidobacteria bacterium, Pseudomonas umsongensis, Clostridium puniceum, Afipia broomeae, Clostridium estertheticum subsp. laramiense, uncultured bacterium, uncultured Burkholderiales bacterium, Mycobacterium avium, Bacillus thuringiensis",9,3.07221335560054,"c(167.706, -45.5818)"
51958,Lake Richter,Oligotrophic,"uncultured Rickettsiales bacterium, Afipia broomeae, uncultured bacterium, Clostridium estertheticum subsp. laramiense, uncultured Burkholderiales bacterium, metagenome",6,2.18265362607759,"c(167.505399, -45.485661)"
52064,Lake 52064,Oligotrophic,"Pseudomonas umsongensis, Afipia broomeae, uncultured bacterium, Clostridium estertheticum subsp. laramiense, uncultured bacterium, uncultured Burkholderiales bacterium, Ralstonia insidiosa, metagenome",8,2.79762977208656,"c(167.71666, -45.4719)"
52065,Lake Henry,Oligotrophic,"uncultured Rickettsiales bacterium, Pseudomonas umsongensis, uncultured Acidobacteria bacterium, Afipia broomeae, uncultured bacterium, Clostridium estertheticum subsp. laramiense, uncultured bacterium, uncultured Burkholderiales bacterium, Raoultella ornithinolytica, Staphylococcus aureus, Ralstonia insidiosa, Micrococcus luteus, Escherichia coli, Mycobacterium avium, Staphylococcus hominis, Moraxella osloensis, Staphylococcus capitis, Streptococcus mitis, Erwinia persicina, Micrococcus luteus",20,2.90313630561331,"c(167.7172, -45.431)"
52115,Lake Thomas,Mesotrophic,"Afipia broomeae, uncultured bacterium, uncultured Burkholderiales bacterium, Mycobacterium mucogenicum, Sphingomonas alpina",5,3.39905661176818,"c(167.949791, -45.471818)"
52117,Lake 52117,Eutrophic,"Aeromonas veronii bv. sobria, uncultured Rickettsiales bacterium, Clostridium puniceum, Afipia broomeae, uncultured bacterium, uncultured Burkholderiales bacterium, metagenome, Pseudomonas mandelii",8,4.33172249971847,"c(167.895436, -45.453637)"
52167,Lake Norma,Oligotrophic,"uncultured Rickettsiales bacterium, uncultured Acidobacteria bacterium, Pseudomonas umsongensis, Clostridium puniceum, Afipia broomeae, uncultured bacterium, uncultured Burkholderiales bacterium, Pseudomonas migulae, Pseudomonas fluorescens, Pseudomonas ficuserectae, Yersinia intermedia, Pseudomonas migulae, Staphylococcus hominis, Sphingomonas alpina, Janthinobacterium agaricidamnosum, Yersinia aleksiciae, Pseudomonas fluorescens, Yersinia aldovae, Pseudomonas yamanorum, Pseudomonas brassicacearum, Pseudomonas asturiensis, Pseudomonas fluorescens, Pseudomonas tolaasii",23,2.41915582090412,"c(167.2728932, -45.33659188)"
52177,Lake Freeman,Oligotrophic,"Afipia broomeae, Clostridium estertheticum subsp. laramiense, uncultured Burkholderiales bacterium",3,2.77992988838095,"c(167.3379897, -45.34454463)"
52181,Lake Minerva,Oligotrophic,"uncultured Acidobacteria bacterium, Afipia broomeae, uncultured bacterium, Clostridium estertheticum subsp. laramiense, uncultured Burkholderiales bacterium, Pseudomonas migulae, Pseudomonas fluorescens, Pseudomonas ficuserectae, Pseudomonas gingeri, Bacillus cereus, Pseudomonas migulae, Sphingomonas alpina, Pseudomonas fluorescens, Yersinia aldovae, Mycobacterium triplex, Pseudomonas brassicacearum",16,2.59851065986079,"c(167.3443788, -45.3260034)"
52268,Lake Eva,Oligotrophic,"uncultured Rickettsiales bacterium, Afipia broomeae, uncultured bacterium, Sphingomonas insulae, Clostridium estertheticum subsp. laramiense",5,2.33761076009596,"c(167.33633, -45.28564)"
52269,Lake Ione,Oligotrophic,"uncultured Rickettsiales bacterium, uncultured Rickettsiales bacterium, Afipia broomeae, uncultured bacterium, Sphingomonas insulae, Clostridium estertheticum subsp. laramiense, uncultured Burkholderiales bacterium, metagenome",8,2.66694921213355,"c(167.33675, -45.27846)"
52380,Lake Cecil,Oligotrophic,"uncultured Rickettsiales bacterium, uncultured Acidobacteria bacterium, Pseudomonas umsongensis, Afipia broomeae, uncultured bacterium, Clostridium estertheticum subsp. laramiense, uncultured Burkholderiales bacterium, Ralstonia insidiosa, metagenome, Pseudomonas fluorescens, Sphingomonas alpina, Janthinobacterium agaricidamnosum",12,2.98557257962496,"c(167.3831, -45.30439)"
52475,Lake Orbell,Oligotrophic,"uncultured Acidobacteria bacterium, Clostridium puniceum, Afipia broomeae, Clostridium estertheticum subsp. laramiense, uncultured Burkholderiales bacterium",5,2.45101087108343,"c(167.67046, -45.29316)"
52487,Lake 52487,Oligotrophic,"Pseudomonas umsongensis, uncultured Rickettsiales bacterium, Aeromonas caviae, uncultured Acidobacteria bacterium, Clostridium puniceum, Afipia broomeae, Clostridium estertheticum subsp. laramiense, uncultured bacterium, Mycobacterium avium, metagenome",10,2.86603262646515,"c(167.87068, -45.34647)"
52566,Lake Te Anau,NA,"Pseudomonas migulae, Pseudomonas migulae, Pseudomonas frederiksbergensis, Pseudomonas putida",4,NA,"c(167.7311676, -45.21097679)"
53145,Lake Nigel,Oligotrophic,"Pseudomonas umsongensis, uncultured Rickettsiales bacterium, uncultured Acidobacteria bacterium, Pseudomonas granadensis, Pseudomonas umsongensis, Afipia broomeae, uncultured bacterium, Sphingomonas insulae, Clostridium estertheticum subsp. laramiense, uncultured Burkholderiales bacterium, Mycobacterium chubuense, Pseudomonas fluorescens, Pseudomonas ficuserectae, Pseudomonas gingeri, Pseudomonas migulae, metagenome, Pseudomonas fluorescens, Pseudomonas fluorescens, Janthinobacterium agaricidamnosum, Sphingomonas alpina, Pseudomonas fluorescens, Janthinobacterium agaricidamnosum, Yersinia aleksiciae, Pseudomonas syringae, Pseudomonas brassicacearum, Pseudomonas frederiksbergensis, Pseudomonas asturiensis",27,2.82059175348235,"c(168.42836, -45.29487)"
53163,Lake Von River Valley,Eutrophic,"Acinetobacter lwoffii, Clostridium puniceum, Afipia broomeae, uncultured bacterium, Sphingomonas insulae, Clostridium estertheticum subsp. laramiense, uncultured Burkholderiales bacterium, Acinetobacter johnsonii, Moraxella osloensis, Acinetobacter johnsonii XBB1, Acinetobacter johnsonii",11,4.04308195995785,"c(168.2984, -45.2419)"
53300,Lake Gow,Oligotrophic,"Mycobacterium rhodesiae, Afipia broomeae, Clostridium estertheticum subsp. laramiense, uncultured Burkholderiales bacterium, Pseudomonas fluorescens",5,2.3689134598833,"c(168.8943477, -45.47777476)"
53304,Blue Lake,NA,"Afipia broomeae, Clostridium estertheticum subsp. laramiense, uncultured Burkholderiales bacterium, Yersinia aleksiciae",4,NA,"c(168.9278428, -45.47713373)"
53315,Skeleton Lake,Oligotrophic,"Mycobacterium rhodesiae, Afipia broomeae, Clostridium estertheticum subsp. laramiense, uncultured Burkholderiales bacterium",4,2.37872806840043,"c(168.9253506, -45.45265855)"
53338,Lake South Mavora,Oligotrophic,"Pseudomonas umsongensis, uncultured Rickettsiales bacterium, Pseudomonas granadensis, Pseudomonas umsongensis, Mycobacterium rhodesiae, Afipia broomeae, uncultured bacterium, Sphingomonas insulae, Clostridium estertheticum subsp. laramiense, uncultured Burkholderiales bacterium, Pseudomonas migulae, Pseudomonas fluorescens, Pseudomonas fluorescens, Pseudomonas fluorescens, Sphingomonas alpina, Pseudomonas fluorescens, Janthinobacterium agaricidamnosum, Pseudomonas yamanorum",18,2.02430314359931,"c(168.175288, -45.304893)"
53392,Lake Ned,Oligotrophic,"Pseudomonas umsongensis, uncultured Rickettsiales bacterium, uncultured Acidobacteria bacterium, Pseudomonas granadensis, Pseudomonas umsongensis, Afipia broomeae, uncultured bacterium, Clostridium estertheticum subsp. laramiense, uncultured Burkholderiales bacterium, Pseudomonas fluorescens, Pseudomonas ficuserectae, Pseudomonas migulae, Pseudomonas fluorescens, Pseudomonas fluorescens, Janthinobacterium agaricidamnosum, Sphingomonas alpina, Pseudomonas fluorescens, Janthinobacterium agaricidamnosum, Yersinia aleksiciae, Bacillus thuringiensis, Pseudomonas yamanorum, Pseudomonas frederiksbergensis, Janthinobacterium agaricidamnosum, Pseudomonas fluorescens",24,2.27213520089571,"c(168.4328, -45.2873)"
53401,Acheron Lakes 1,Oligotrophic,"uncultured Rickettsiales bacterium, Afipia broomeae, uncultured bacterium, Clostridium estertheticum subsp. laramiense, uncultured Burkholderiales bacterium",5,2.72043189561403,"c(168.099481, -45.171477)"
53402,Acheron Lakes 2,Microtrophic,"Clostridium estertheticum subsp. laramiense, uncultured Burkholderiales bacterium, Pseudomonas fluorescens",3,1.83280666621191,"c(168.094904, -45.161854)"
53532,Lake Wakatipu,Microtrophic,"Pseudomonas umsongensis, Pseudomonas migulae, uncultured Rickettsiales bacterium, Pseudomonas granadensis, Pseudomonas umsongensis, Afipia broomeae, Clostridium estertheticum subsp. laramiense, uncultured Burkholderiales bacterium, Mycobacterium mucogenicum, Pseudomonas fluorescens, Pseudomonas fluorescens, Pseudomonas migulae, Aeromonas encheleia, Pseudomonas fluorescens, Pseudomonas fluorescens, Pseudomonas fluorescens, Pseudomonas fluorescens",17,1.95279615934563,"c(168.6959478, -45.03188019)"
53547,Lake Isobel,Oligotrophic,"Pseudomonas fluorescens, Pseudomonas migulae, uncultured Rickettsiales bacterium, Sphingomonas insulae, Clostridium estertheticum subsp. laramiense, uncultured Burkholderiales bacterium",6,2.45846224832347,"c(168.489983, -45.021683)"
53548,Lake Kirkpatrick,Eutrophic,uncultured Burkholderiales bacterium,1,4.09444965707434,"c(168.573617, -45.026767)"
53549,Lake Moke,Eutrophic,"uncultured Burkholderiales bacterium, Ralstonia insidiosa",2,4.66623933980198,"c(168.565181, -45.00130984)"
53683,Lake 53683,Oligotrophic,"uncultured Acidobacteria bacterium, Mycobacterium rhodesiae",2,2.13971513003922,"c(168.831267, -45.17985)"
53707,Lake Johnson,Supertrophic,"Clostridium estertheticum subsp. laramiense, Mycobacterium mucogenicum",2,5.11951015051637,"c(168.7323606, -45.00771483)"
53717,Lake 53717,Oligotrophic,"Mycobacterium rhodesiae, Afipia broomeae, Clostridium estertheticum subsp. laramiense",3,2.4970305593437,"c(168.8220244, -45.0777758)"
53730,Lake Alta,Supertrophic,"Pseudomonas fluorescens, Pseudomonas umsongensis, Pseudomonas migulae, Serratia fonticola, Mycobacterium rhodesiae, Afipia broomeae, Aeromonas salmonicida, Pseudomonas migulae, Raoultella ornithinolytica, Serratia fonticola, Pseudomonas putida, Pseudomonas fluorescens, Pseudomonas fragi, Pseudomonas fluorescens, Pseudomonas ficuserectae, Pseudomonas gingeri, Pseudomonas fragi, Pseudomonas fluorescens, Serratia fonticola, Pseudomonas putida, Pseudomonas fluorescens, Pseudomonas fluorescens, Bacillus megaterium, Janthinobacterium agaricidamnosum, Pseudomonas fluorescens, Pseudomonas syringae, Pseudomonas fluorescens, Pseudomonas yamanorum, Pseudomonas fragi, Pseudomonas frederiksbergensis, Pseudomonas brassicacearum, Pseudomonas frederiksbergensis, Pseudomonas asturiensis, Pseudomonas libanensis, Pseudomonas fluorescens, Pseudomonas koreensis, Stenotrophomonas maltophilia, Pseudomonas tolaasii, Pseudomonas fluorescens, Sphingomonas paucimobilis",40,5.82518943484042,"c(168.8102439, -45.0637174)"
53753,Lake 53753,Mesotrophic,"Sphingomonas insulae, uncultured Burkholderiales bacterium",2,3.31666000169319,"c(168.877445, -45.1847599)"
54025,Lake Mackenzie,Oligotrophic,"uncultured Rickettsiales bacterium, Afipia broomeae, uncultured bacterium, uncultured Burkholderiales bacterium, Pseudomonas migulae, Pseudomonas fluorescens, Pseudomonas ficuserectae, Sphingomonas alpina, Pseudomonas fluorescens, Pseudomonas brassicacearum",10,2.25673572622411,"c(168.1753717, -44.76490527)"
54038,Dukes Tarn,Mesotrophic,"Aeromonas veronii bv. sobria, Aeromonas sobria, Microcystis aeruginosa, Aeromonas salmonicida, Sphingomonas insulae, uncultured Burkholderiales bacterium",6,3.42958525653887,"c(168.4928829, -44.9638937)"
54039,Lake Luna,Microtrophic,"Clostridium puniceum, Clostridium estertheticum subsp. laramiense",2,1.9809700625325,"c(168.4908059, -44.9511879)"
54088,Lake Harris,Oligotrophic,"Afipia broomeae, Clostridium estertheticum subsp. laramiense",2,2.5285994340176,"c(168.176517, -44.724967)"
54132,Lake Diamond,Oligotrophic,"Pseudomonas fluorescens, Pseudomonas migulae, Pseudomonas granadensis, Aeromonas salmonicida, Sphingomonas insulae, Clostridium estertheticum subsp. laramiense, uncultured Burkholderiales bacterium, Pseudomonas migulae, Pseudomonas fluorescens, Pseudomonas frederiksbergensis, Pseudomonas fluorescens, Pseudomonas ficuserectae, Pseudomonas fluorescens, Pseudomonas migulae, Pseudomonas fluorescens, Pseudomonas synxantha, Exiguobacterium sibiricum 255-15, Pseudomonas fluorescens, uncultured Burkholderiales bacterium, Janthinobacterium agaricidamnosum, Pseudomonas fluorescens, Pseudomonas yamanorum, Pseudomonas fragi, Pseudomonas frederiksbergensis, Aeromonas hydrophila, Pseudomonas libanensis",26,2.19842559577149,"c(168.3750329, -44.7380963)"
54177,Lake Lochnagar,Oligotrophic,"Pseudomonas umsongensis, Pseudomonas migulae, uncultured Rickettsiales bacterium, Pseudomonas granadensis, Pseudomonas umsongensis, Serratia fonticola, Afipia broomeae, Aeromonas salmonicida, uncultured Burkholderiales bacterium, Pseudomonas migulae, Serratia fonticola, Pseudomonas putida, Pseudomonas fluorescens, Pseudomonas fragi, Pseudomonas fluorescens, Pseudomonas ficuserectae, Pseudomonas fluorescens, Pseudomonas migulae, Aeromonas encheleia, Pseudomonas fragi, Pseudomonas mandelii, Serratia fonticola, Pseudomonas fluorescens, Pseudomonas synxantha, Pseudomonas fluorescens, uncultured Burkholderiales bacterium, Pseudomonas mandelii, Pseudomonas syringae, Pseudomonas yamanorum, Pseudomonas frederiksbergensis, Pseudomonas brassicacearum, Serratia liquefaciens, Pseudomonas tolaasii, Pseudomonas fluorescens, Serratia proteamaculans, Pseudomonas cannabina",36,2.41039403347195,"c(168.6122, -44.5912)"
54190,Lake Hayes,Eutrophic,"uncultured Burkholderiales bacterium, Mycobacterium mucogenicum",2,4.89797674810983,"c(168.8110583, -44.97495332)"
54655,Lake 54655,Eutrophic,"uncultured bacterium, Aeromonas salmonicida, Sphingomonas insulae, uncultured Burkholderiales bacterium",4,4.21311501211983,"c(168.9522099, -44.53305054)"
54672,Lake Wanaka,Microtrophic,"uncultured Rickettsiales bacterium, Sphingomonas insulae, uncultured Burkholderiales bacterium, Mycobacterium mucogenicum, Pseudomonas fluorescens, Pseudomonas putida, Pseudomonas fluorescens",7,1.79231235678959,"c(169.112152, -44.52587905)"
54720,Little Lake Mckay,Oligotrophic,"Mycobacterium rhodesiae, uncultured bacterium, Sphingomonas insulae, Clostridium estertheticum subsp. laramiense, uncultured Burkholderiales bacterium",5,2.75146825098039,"c(169.19067, -44.879624)"
54730,Lake Rotoiti,Eutrophic,"Microcystis aeruginosa, Mycobacterium mucogenicum, Micrococcus luteus, Corynebacterium afermentans",4,4.03012308459214,"c(176.3526958, -38.0390247)"
54731,Lake Okataina,Mesotrophic,"Acinetobacter lwoffii, uncultured bacterium, Mycobacterium mucogenicum",3,3.40532989248507,"c(176.4215715, -38.1102249)"
54732,Lake Tarawera,Mesotrophic,"Clostridium puniceum, uncultured bacterium, uncultured Burkholderiales bacterium",3,3.52084881714786,"c(176.3922828, -38.2066553)"
54736,Lake Hawea,NA,"uncultured Rickettsiales bacterium, Pseudomonas granadensis, uncultured Burkholderiales bacterium",3,NA,"c(169.3169946, -44.47347559)"
54738,Lake Sumner,Mesotrophic,"Pseudomonas fluorescens, Pseudomonas umsongensis, Pseudomonas migulae, uncultured Rickettsiales bacterium, Pseudomonas granadensis, Pseudomonas umsongensis, Aeromonas sobria, uncultured Burkholderiales bacterium, Pseudomonas migulae, Pseudomonas fluorescens, Pseudomonas frederiksbergensis, Pseudomonas fluorescens, Pseudomonas ficuserectae, Pseudomonas fluorescens, Pseudomonas migulae, Aeromonas encheleia, Pseudomonas putida, Pseudomonas fluorescens, Pseudomonas synxantha, Pseudomonas fluorescens, Exiguobacterium sibiricum 255-15, Pseudomonas fluorescens, Janthinobacterium agaricidamnosum, Pseudomonas mandelii, Pseudomonas fluorescens, Pseudomonas syringae, Pseudomonas fluorescens, Pseudomonas yamanorum, Pseudomonas fragi, Pseudomonas frederiksbergensis, Aeromonas hydrophila, Pseudomonas brassicacearum, Pseudomonas frederiksbergensis, Pseudomonas asturiensis, Pseudomonas libanensis, Pseudomonas koreensis, Pseudomonas fluorescens, Pseudomonas moraviensis, Pseudomonas poae",39,3.02862288272294,"c(172.8305065, -42.8575756)"
54742,Waituna Lagoon,Supertrophic,"Clostridium puniceum, Yersinia pseudotuberculosis, Clostridium puniceum, Aeromonas salmonicida, Clostridium estertheticum subsp. laramiense, Clostridium puniceum, Clostridium beijerinckii, Acinetobacter johnsonii, Acinetobacter bouvetii, Bacillus thuringiensis",10,5.80031065785814,"c(168.5662667, -46.57148333)"
7512,Lake Rotokare,Supertrophic,"Microcystis aeruginosa, Microcystis aeruginosa",2,5.06028692802861,"c(174.4106, -39.4527)"
8138,Lake Mckay,Oligotrophic,"Mycobacterium rhodesiae, uncultured bacterium, Clostridium estertheticum subsp. laramiense, Bacillus cereus",4,2.65548349493976,"c(169.2126718, -44.8518862)"
831,Lake Waitawa,Hypertrophic,"Pseudomonas fluorescens, Pseudomonas umsongensis, Pseudomonas migulae, Aeromonas veronii bv. sobria, Pseudomonas granadensis, Pseudomonas umsongensis, Microcystis aeruginosa, Aeromonas sobria, Microcystis aeruginosa, Shewanella putrefaciens, uncultured bacterium, Aeromonas salmonicida, uncultured Burkholderiales bacterium, Aeromonas veronii, Pseudomonas migulae, Pseudomonas fluorescens, Pseudomonas fluorescens, Shewanella putrefaciens, Pseudomonas fluorescens, Pseudomonas migulae, Aeromonas encheleia, Aeromonas rivipollensis, Aeromonas caviae, Pseudomonas fluorescens, Pseudomonas migulae, Pseudomonas fluorescens, Pseudomonas fluorescens, Shewanella putrefaciens, Janthinobacterium agaricidamnosum, Pseudomonas fluorescens, Pseudomonas fluorescens, Pseudomonas yamanorum, Shewanella putrefaciens, Shewanella putrefaciens, Pseudomonas marginalis pv. marginalis, Pseudomonas fluorescens, Pseudomonas fluorescens, Pseudomonas libanensis, Pseudomonas fluorescens, uncultured Burkholderiales bacterium, Pseudomonas rhodesiae",41,6.12777404816956,"c(175.17087, -40.72473)"
841,Lake Waiorongomai,Supertrophic,"Pseudomonas umsongensis, Aeromonas veronii bv. sobria, Pseudomonas granadensis, Aeromonas sobria, Shewanella putrefaciens, Aeromonas salmonicida, Shewanella putrefaciens, Pseudomonas fluorescens, Pseudomonas migulae, Aeromonas encheleia, Aeromonas rivipollensis, Pseudomonas fluorescens, Pseudomonas fluorescens, Pseudomonas putida, Pseudomonas fluorescens, Pseudomonas yamanorum, Shewanella putrefaciens, Shewanella putrefaciens, Pseudomonas marginalis pv. marginalis, Pseudomonas fluorescens",20,5.85189954366363,"c(175.14255, -40.71183)"
L380.1,Lake Moawhitu,Hypertrophic,"Clostridium puniceum, Microcystis aeruginosa, Clostridium puniceum, Microcystis aeruginosa, uncultured Burkholderiales bacterium, Mycobacterium mucogenicum",6,6.13295095592766,"c(173.80987, -40.80857)"
L380.10,Lake Rotoparaoa,Supertrophic,"Afipia broomeae, Clostridium estertheticum subsp. laramiense, Aeromonas veronii",3,5.1708484464224,"c(-176.59075, -43.813617)"
L380.13,Lake Marakapia,NA,"Pseudomonas umsongensis, Afipia broomeae",2,NA,"c(-176.55361, -43.843056)"
L380.14,Lake Rotoeka,Oligotrophic,Afipia broomeae,1,2.288982523918,"c(-176.59333, -43.775556)"
L380.2,Lake Rototai,Mesotrophic,"Pseudomonas granadensis, Serratia fonticola, Afipia broomeae, Pseudomonas tolaasii",4,3.09877531391784,"c(172.819133, -40.845567)"
L380.3,Lake Killarney,Supertrophic,"Microcystis aeruginosa, Aeromonas sobria",2,5.01235778092243,"c(172.80815, -40.852067)"
L380.4,Lake Forest,Supertrophic,"Clostridium puniceum, Clostridium puniceum",2,5.39284004413766,"c(175.251105, -37.77284)"
L380.5,Lake Rangitai,Eutrophic,Mycobacterium mucogenicum,1,4.93438616484517,"c(-176.34639, -43.765)"
L380.6,Lake Huro,Supertrophic,"Pseudomonas umsongensis, Serratia fonticola, Afipia broomeae, Aeromonas salmonicida",4,5.11311612136929,"c(-176.51356, -43.93866)"
L380.8,Lake Tennants,Mesotrophic,Mycobacterium mucogenicum,1,3.88986955067085,"c(-176.57075, -43.825083)"
